timeStamp,elapsed,label,responseCode,responseMessage,threadName,dataType,success,failureMessage,bytes,sentBytes,grpThreads,allThreads,URL,Latency,IdleTime,Connect
1741029052035,5,HTTP Request,201,Created,Thread Group 1-4,text,true,,280,222,4,4,http://localhost:3001/character,5,0,0
1741029052034,9,HTTP Request,201,Created,Thread Group 1-3,text,true,,287,229,5,5,http://localhost:3001/character,9,0,1
1741029052042,14,HTTP Request,200,OK,Thread Group 1-4,text,true,,277,230,10,10,http://localhost:3001/character/268544,14,0,0
1741029052056,1,Debug Sampler,200,OK,Thread Group 1-4,text,true,,368,0,10,10,null,0,0,0
1741029052034,23,HTTP Request,201,Created,Thread Group 1-1,text,true,,282,224,9,9,http://localhost:3001/character,23,0,1
1741029052043,23,HTTP Request,200,OK,Thread Group 1-3,text,true,,276,229,12,12,http://localhost:3001/character/268545,23,0,0
1741029052067,0,Debug Sampler,200,OK,Thread Group 1-3,text,true,,366,0,13,13,null,0,0,0
1741029052034,33,HTTP Request,201,Created,Thread Group 1-2,text,true,,280,222,12,12,http://localhost:3001/character,33,0,1
1741029052057,19,HTTP Request,200,OK,Thread Group 1-1,text,true,,282,235,14,14,http://localhost:3001/character/268546,19,0,0
1741029052076,0,Debug Sampler,200,OK,Thread Group 1-1,text,true,,370,0,15,15,null,0,0,0
1741029052041,35,HTTP Request,201,Created,Thread Group 1-5,text,true,,283,225,14,14,http://localhost:3001/character,35,0,1
1741029052068,16,HTTP Request,200,OK,Thread Group 1-2,text,true,,277,230,15,15,http://localhost:3001/character/268547,16,0,0
1741029052085,0,Debug Sampler,200,OK,Thread Group 1-2,text,true,,367,0,15,15,null,0,0,0
1741029052044,41,HTTP Request,201,Created,Thread Group 1-6,text,true,,287,229,16,16,http://localhost:3001/character,41,0,0
1741029052074,30,HTTP Request,201,Created,Thread Group 1-15,text,true,,280,222,21,21,http://localhost:3001/character,30,0,0
1741029052074,30,HTTP Request,201,Created,Thread Group 1-16,text,true,,287,229,21,21,http://localhost:3001/character,30,0,0
1741029052067,37,HTTP Request,201,Created,Thread Group 1-14,text,true,,283,225,21,21,http://localhost:3001/character,37,0,0
1741029052064,40,HTTP Request,201,Created,Thread Group 1-12,text,true,,282,224,21,21,http://localhost:3001/character,40,0,0
1741029052064,39,HTTP Request,201,Created,Thread Group 1-13,text,true,,280,222,20,20,http://localhost:3001/character,39,0,0
1741029052077,17,HTTP Request,200,OK,Thread Group 1-5,text,true,,278,231,18,18,http://localhost:3001/character/268548,17,0,0
1741029052105,0,Debug Sampler,200,OK,Thread Group 1-5,text,true,,370,0,21,21,null,0,0,0
1741029052057,46,HTTP Request,201,Created,Thread Group 1-11,text,true,,287,229,20,20,http://localhost:3001/character,46,0,1
1741029052054,49,HTTP Request,201,Created,Thread Group 1-10,text,true,,280,222,20,20,http://localhost:3001/character,49,0,0
1741029052052,50,HTTP Request,201,Created,Thread Group 1-9,text,true,,282,224,20,20,http://localhost:3001/character,50,0,1
1741029052053,49,HTTP Request,201,Created,Thread Group 1-8,text,true,,281,223,20,20,http://localhost:3001/character,49,0,0
1741029052085,17,HTTP Request,200,OK,Thread Group 1-6,text,true,,277,230,20,20,http://localhost:3001/character/268549,17,0,0
1741029052044,50,HTTP Request,201,Created,Thread Group 1-7,text,true,,282,224,18,18,http://localhost:3001/character,50,0,1
1741029052106,0,Debug Sampler,200,OK,Thread Group 1-6,text,true,,369,0,22,22,null,0,0,0
1741029052076,31,HTTP Request,201,Created,Thread Group 1-17,text,true,,280,222,21,21,http://localhost:3001/character,31,0,1
1741029052105,11,HTTP Request,200,OK,Thread Group 1-15,text,true,,278,231,24,24,http://localhost:3001/character/268559,11,0,0
1741029052116,0,Debug Sampler,200,OK,Thread Group 1-15,text,true,,368,0,24,24,null,0,0,0
1741029052105,20,HTTP Request,200,OK,Thread Group 1-16,text,true,,282,235,26,26,http://localhost:3001/character/268558,20,0,0
1741029052125,0,Debug Sampler,200,OK,Thread Group 1-16,text,true,,370,0,26,26,null,0,0,0
1741029052105,28,HTTP Request,200,OK,Thread Group 1-12,text,true,,282,235,27,27,http://localhost:3001/character/268556,28,0,0
1741029052133,0,Debug Sampler,200,OK,Thread Group 1-12,text,true,,375,0,27,27,null,0,0,0
1741029052105,35,HTTP Request,200,OK,Thread Group 1-13,text,true,,277,230,28,28,http://localhost:3001/character/268555,35,0,0
1741029052141,0,Debug Sampler,200,OK,Thread Group 1-13,text,true,,370,0,28,28,null,0,0,0
1741029052105,43,HTTP Request,200,OK,Thread Group 1-14,text,true,,278,231,31,31,http://localhost:3001/character/268557,43,0,0
1741029052148,0,Debug Sampler,200,OK,Thread Group 1-14,text,true,,368,0,31,31,null,0,0,0
1741029052105,51,HTTP Request,200,OK,Thread Group 1-10,text,true,,278,231,31,31,http://localhost:3001/character/268553,51,0,0
1741029052156,0,Debug Sampler,200,OK,Thread Group 1-10,text,true,,370,0,31,31,null,0,0,0
1741029052105,60,HTTP Request,200,OK,Thread Group 1-11,text,true,,278,231,35,35,http://localhost:3001/character/268554,60,0,0
1741029052165,0,Debug Sampler,200,OK,Thread Group 1-11,text,true,,368,0,35,35,null,0,0,0
1741029052106,67,HTTP Request,200,OK,Thread Group 1-9,text,true,,282,235,37,37,http://localhost:3001/character/268552,67,0,0
1741029052173,0,Debug Sampler,200,OK,Thread Group 1-9,text,true,,374,0,37,37,null,0,0,0
1741029052106,75,HTTP Request,200,OK,Thread Group 1-7,text,true,,276,229,36,36,http://localhost:3001/character/268550,75,0,0
1741029052181,0,Debug Sampler,200,OK,Thread Group 1-7,text,true,,370,0,36,36,null,0,0,0
1741029052106,84,HTTP Request,200,OK,Thread Group 1-8,text,true,,282,235,40,40,http://localhost:3001/character/268551,84,0,0
1741029052190,0,Debug Sampler,200,OK,Thread Group 1-8,text,true,,370,0,40,40,null,0,0,0
1741029052077,114,HTTP Request,201,Created,Thread Group 1-18,text,true,,283,225,39,39,http://localhost:3001/character,114,0,0
1741029052107,93,HTTP Request,200,OK,Thread Group 1-17,text,true,,277,230,41,41,http://localhost:3001/character/268560,93,0,0
1741029052200,0,Debug Sampler,200,OK,Thread Group 1-17,text,true,,371,0,41,41,null,0,0,0
1741029052085,116,HTTP Request,201,Created,Thread Group 1-20,text,true,,280,222,40,40,http://localhost:3001/character,116,0,0
1741029052201,10,HTTP Request,200,OK,Thread Group 1-20,text,true,,278,231,45,45,http://localhost:3001/character/268562,10,0,0
1741029052211,0,Debug Sampler,200,OK,Thread Group 1-20,text,true,,369,0,45,45,null,0,0,0
1741029052191,28,HTTP Request,200,OK,Thread Group 1-18,text,true,,282,235,45,45,http://localhost:3001/character/268561,28,0,0
1741029052219,0,Debug Sampler,200,OK,Thread Group 1-18,text,true,,375,0,45,45,null,0,0,0
1741029052085,135,HTTP Request,201,Created,Thread Group 1-19,text,true,,287,229,46,46,http://localhost:3001/character,135,0,0
1741029052088,133,HTTP Request,201,Created,Thread Group 1-21,text,true,,280,222,46,46,http://localhost:3001/character,133,0,0
1741029052220,8,HTTP Request,200,OK,Thread Group 1-19,text,true,,275,228,48,48,http://localhost:3001/character/268563,8,0,0
1741029052228,0,Debug Sampler,200,OK,Thread Group 1-19,text,true,,371,0,49,49,null,0,0,0
1741029052093,136,HTTP Request,201,Created,Thread Group 1-22,text,true,,281,223,48,48,http://localhost:3001/character,136,0,1
1741029052221,17,HTTP Request,200,OK,Thread Group 1-21,text,true,,278,231,49,49,http://localhost:3001/character/268564,17,0,0
1741029052238,0,Debug Sampler,200,OK,Thread Group 1-21,text,true,,371,0,49,49,null,0,0,0
1741029052097,141,HTTP Request,201,Created,Thread Group 1-24,text,true,,283,225,48,48,http://localhost:3001/character,141,0,0
1741029052229,19,HTTP Request,200,OK,Thread Group 1-22,text,true,,276,229,53,53,http://localhost:3001/character/268565,19,0,0
1741029052248,1,Debug Sampler,200,OK,Thread Group 1-22,text,true,,375,0,53,53,null,0,0,0
1741029052097,152,HTTP Request,201,Created,Thread Group 1-23,text,true,,280,222,53,53,http://localhost:3001/character,152,0,0
1741029052238,20,HTTP Request,200,OK,Thread Group 1-24,text,true,,277,230,56,56,http://localhost:3001/character/268566,20,0,0
1741029052258,0,Debug Sampler,200,OK,Thread Group 1-24,text,true,,375,0,56,56,null,0,0,0
1741029052103,156,HTTP Request,201,Created,Thread Group 1-25,text,true,,283,225,55,55,http://localhost:3001/character,156,0,1
1741029052249,19,HTTP Request,200,OK,Thread Group 1-23,text,true,,277,230,58,58,http://localhost:3001/character/268567,19,0,0
1741029052268,0,Debug Sampler,200,OK,Thread Group 1-23,text,true,,371,0,58,58,null,0,0,0
1741029052106,162,HTTP Request,201,Created,Thread Group 1-26,text,true,,281,223,57,57,http://localhost:3001/character,162,0,0
1741029052259,17,HTTP Request,200,OK,Thread Group 1-25,text,true,,282,235,59,59,http://localhost:3001/character/268568,17,0,0
1741029052276,0,Debug Sampler,200,OK,Thread Group 1-25,text,true,,371,0,60,60,null,0,0,0
1741029052106,171,HTTP Request,201,Created,Thread Group 1-27,text,true,,283,225,59,59,http://localhost:3001/character,171,0,0
1741029052268,16,HTTP Request,200,OK,Thread Group 1-26,text,true,,277,230,60,60,http://localhost:3001/character/268569,16,0,0
1741029052284,0,Debug Sampler,200,OK,Thread Group 1-26,text,true,,371,0,60,60,null,0,0,0
1741029052113,171,HTTP Request,201,Created,Thread Group 1-28,text,true,,283,225,60,60,http://localhost:3001/character,171,0,0
1741029052284,8,HTTP Request,200,OK,Thread Group 1-28,text,true,,275,228,62,62,http://localhost:3001/character/268571,8,0,0
1741029052292,0,Debug Sampler,200,OK,Thread Group 1-28,text,true,,375,0,62,62,null,0,0,0
1741029052277,23,HTTP Request,200,OK,Thread Group 1-27,text,true,,278,231,64,64,http://localhost:3001/character/268570,23,0,0
1741029052300,0,Debug Sampler,200,OK,Thread Group 1-27,text,true,,368,0,64,64,null,0,0,0
1741029052113,188,HTTP Request,201,Created,Thread Group 1-29,text,true,,283,225,64,64,http://localhost:3001/character,188,0,0
1741029052301,9,HTTP Request,200,OK,Thread Group 1-29,text,true,,275,228,66,66,http://localhost:3001/character/268572,9,0,0
1741029052310,0,Debug Sampler,200,OK,Thread Group 1-29,text,true,,368,0,66,66,null,0,0,0
1741029052114,196,HTTP Request,201,Created,Thread Group 1-30,text,true,,287,229,65,65,http://localhost:3001/character,196,0,0
1741029052121,190,HTTP Request,201,Created,Thread Group 1-31,text,true,,283,225,66,66,http://localhost:3001/character,190,0,0
1741029052311,8,HTTP Request,200,OK,Thread Group 1-30,text,true,,275,228,67,67,http://localhost:3001/character/268573,8,0,0
1741029052319,0,Debug Sampler,200,OK,Thread Group 1-30,text,true,,371,0,67,67,null,0,0,0
1741029052124,195,HTTP Request,201,Created,Thread Group 1-33,text,true,,280,222,67,67,http://localhost:3001/character,195,0,0
1741029052312,15,HTTP Request,200,OK,Thread Group 1-31,text,true,,275,228,70,70,http://localhost:3001/character/268574,15,0,0
1741029052327,0,Debug Sampler,200,OK,Thread Group 1-31,text,true,,371,0,70,70,null,0,0,0
1741029052124,203,HTTP Request,201,Created,Thread Group 1-32,text,true,,283,225,69,69,http://localhost:3001/character,203,0,0
1741029052327,8,HTTP Request,200,OK,Thread Group 1-32,text,true,,275,228,72,72,http://localhost:3001/character/268576,8,0,0
1741029052335,0,Debug Sampler,200,OK,Thread Group 1-32,text,true,,375,0,72,72,null,0,0,0
1741029052319,23,HTTP Request,200,OK,Thread Group 1-33,text,true,,282,235,73,73,http://localhost:3001/character/268575,23,0,0
1741029052342,0,Debug Sampler,200,OK,Thread Group 1-33,text,true,,371,0,73,73,null,0,0,0
1741029052130,213,HTTP Request,201,Created,Thread Group 1-35,text,true,,280,222,72,72,http://localhost:3001/character,213,0,0
1741029052130,214,HTTP Request,201,Created,Thread Group 1-34,text,true,,287,229,73,73,http://localhost:3001/character,214,0,1
1741029052343,9,HTTP Request,200,OK,Thread Group 1-35,text,true,,278,231,75,75,http://localhost:3001/character/268577,9,0,0
1741029052352,0,Debug Sampler,200,OK,Thread Group 1-35,text,true,,369,0,75,75,null,0,0,0
1741029052133,219,HTTP Request,201,Created,Thread Group 1-36,text,true,,283,225,75,75,http://localhost:3001/character,219,0,0
1741029052344,16,HTTP Request,200,OK,Thread Group 1-34,text,true,,277,230,77,77,http://localhost:3001/character/268578,16,0,0
1741029052360,0,Debug Sampler,200,OK,Thread Group 1-34,text,true,,371,0,77,77,null,0,0,0
1741029052140,221,HTTP Request,201,Created,Thread Group 1-37,text,true,,280,222,77,77,http://localhost:3001/character,221,0,0
1741029052352,15,HTTP Request,200,OK,Thread Group 1-36,text,true,,276,229,77,77,http://localhost:3001/character/268579,15,0,0
1741029052367,0,Debug Sampler,200,OK,Thread Group 1-36,text,true,,375,0,77,77,null,0,0,0
1741029052143,224,HTTP Request,201,Created,Thread Group 1-38,text,true,,283,225,78,78,http://localhost:3001/character,224,0,0
1741029052361,14,HTTP Request,200,OK,Thread Group 1-37,text,true,,282,235,80,80,http://localhost:3001/character/268580,14,0,0
1741029052375,0,Debug Sampler,200,OK,Thread Group 1-37,text,true,,370,0,80,80,null,0,0,0
1741029052146,229,HTTP Request,201,Created,Thread Group 1-39,text,true,,283,225,80,80,http://localhost:3001/character,229,0,0
1741029052368,14,HTTP Request,200,OK,Thread Group 1-38,text,true,,278,231,82,82,http://localhost:3001/character/268581,14,0,0
1741029052382,0,Debug Sampler,200,OK,Thread Group 1-38,text,true,,370,0,82,82,null,0,0,0
1741029052146,236,HTTP Request,201,Created,Thread Group 1-41,text,true,,283,225,81,81,http://localhost:3001/character,236,0,1
1741029052375,16,HTTP Request,200,OK,Thread Group 1-39,text,true,,277,230,83,83,http://localhost:3001/character/268582,16,0,0
1741029052392,0,Debug Sampler,200,OK,Thread Group 1-39,text,true,,368,0,84,84,null,0,0,0
1741029052146,246,HTTP Request,201,Created,Thread Group 1-40,text,true,,281,223,83,83,http://localhost:3001/character,246,0,1
1741029052383,18,HTTP Request,200,OK,Thread Group 1-41,text,true,,275,228,86,86,http://localhost:3001/character/268583,18,0,0
1741029052401,0,Debug Sampler,200,OK,Thread Group 1-41,text,true,,370,0,86,86,null,0,0,0
1741029052154,247,HTTP Request,201,Created,Thread Group 1-42,text,true,,283,225,85,85,http://localhost:3001/character,247,0,0
1741029052393,16,HTTP Request,200,OK,Thread Group 1-40,text,true,,275,228,87,87,http://localhost:3001/character/268584,16,0,0
1741029052409,0,Debug Sampler,200,OK,Thread Group 1-40,text,true,,369,0,88,88,null,0,0,0
1741029052157,253,HTTP Request,201,Created,Thread Group 1-43,text,true,,287,229,88,88,http://localhost:3001/character,253,0,0
1741029052401,16,HTTP Request,200,OK,Thread Group 1-42,text,true,,277,230,89,89,http://localhost:3001/character/268585,16,0,0
1741029052417,0,Debug Sampler,200,OK,Thread Group 1-42,text,true,,369,0,89,89,null,0,0,0
1741029052159,258,HTTP Request,201,Created,Thread Group 1-44,text,true,,287,229,89,89,http://localhost:3001/character,258,0,0
1741029052410,16,HTTP Request,200,OK,Thread Group 1-43,text,true,,278,231,91,91,http://localhost:3001/character/268586,16,0,0
1741029052426,0,Debug Sampler,200,OK,Thread Group 1-43,text,true,,371,0,92,92,null,0,0,0
1741029052163,264,HTTP Request,201,Created,Thread Group 1-46,text,true,,281,223,91,91,http://localhost:3001/character,264,0,0
1741029052418,17,HTTP Request,200,OK,Thread Group 1-44,text,true,,277,230,93,93,http://localhost:3001/character/268587,17,0,0
1741029052435,0,Debug Sampler,200,OK,Thread Group 1-44,text,true,,370,0,93,93,null,0,0,0
1741029052163,273,HTTP Request,201,Created,Thread Group 1-45,text,true,,283,225,92,92,http://localhost:3001/character,273,0,0
1741029052427,17,HTTP Request,200,OK,Thread Group 1-46,text,true,,278,231,95,95,http://localhost:3001/character/268588,17,0,0
1741029052444,0,Debug Sampler,200,OK,Thread Group 1-46,text,true,,371,0,95,95,null,0,0,0
1741029052165,280,HTTP Request,201,Created,Thread Group 1-47,text,true,,282,224,94,94,http://localhost:3001/character,280,0,0
1741029052436,17,HTTP Request,200,OK,Thread Group 1-45,text,true,,276,229,97,97,http://localhost:3001/character/268589,17,0,0
1741029052453,0,Debug Sampler,200,OK,Thread Group 1-45,text,true,,371,0,98,98,null,0,0,0
1741029052172,281,HTTP Request,201,Created,Thread Group 1-49,text,true,,281,223,97,97,http://localhost:3001/character,281,0,0
1741029052445,15,HTTP Request,200,OK,Thread Group 1-47,text,true,,275,228,99,99,http://localhost:3001/character/268590,15,0,0
1741029052460,0,Debug Sampler,200,OK,Thread Group 1-47,text,true,,371,0,99,99,null,0,0,0
1741029052172,289,HTTP Request,201,Created,Thread Group 1-48,text,true,,280,222,98,98,http://localhost:3001/character,289,0,0
1741029052453,16,HTTP Request,200,OK,Thread Group 1-49,text,true,,278,231,100,100,http://localhost:3001/character/268591,16,0,0
1741029052469,0,Debug Sampler,200,OK,Thread Group 1-49,text,true,,367,0,100,100,null,0,0,0
1741029052173,296,HTTP Request,201,Created,Thread Group 1-50,text,true,,282,224,99,99,http://localhost:3001/character,296,0,1
1741029052461,16,HTTP Request,200,OK,Thread Group 1-48,text,true,,282,235,102,102,http://localhost:3001/character/268592,16,0,0
1741029052477,0,Debug Sampler,200,OK,Thread Group 1-48,text,true,,371,0,102,102,null,0,0,0
1741029052182,295,HTTP Request,201,Created,Thread Group 1-51,text,true,,280,222,101,101,http://localhost:3001/character,295,0,0
1741029052469,17,HTTP Request,200,OK,Thread Group 1-50,text,true,,278,231,105,105,http://localhost:3001/character/268593,17,0,0
1741029052486,0,Debug Sampler,200,OK,Thread Group 1-50,text,true,,370,0,105,105,null,0,0,0
1741029052183,303,HTTP Request,201,Created,Thread Group 1-52,text,true,,282,224,104,104,http://localhost:3001/character,303,0,0
1741029052477,18,HTTP Request,200,OK,Thread Group 1-51,text,true,,277,230,107,107,http://localhost:3001/character/268594,18,0,0
1741029052495,0,Debug Sampler,200,OK,Thread Group 1-51,text,true,,371,0,107,107,null,0,0,0
1741029052184,311,HTTP Request,201,Created,Thread Group 1-53,text,true,,287,229,106,106,http://localhost:3001/character,311,0,1
1741029052486,18,HTTP Request,200,OK,Thread Group 1-52,text,true,,278,231,109,109,http://localhost:3001/character/268595,18,0,0
1741029052504,0,Debug Sampler,200,OK,Thread Group 1-52,text,true,,367,0,109,109,null,0,0,0
1741029052189,315,HTTP Request,201,Created,Thread Group 1-54,text,true,,283,225,108,108,http://localhost:3001/character,315,0,1
1741029052495,17,HTTP Request,200,OK,Thread Group 1-53,text,true,,277,230,109,109,http://localhost:3001/character/268596,17,0,0
1741029052512,0,Debug Sampler,200,OK,Thread Group 1-53,text,true,,369,0,109,109,null,0,0,0
1741029052189,324,HTTP Request,201,Created,Thread Group 1-55,text,true,,281,223,108,108,http://localhost:3001/character,324,0,1
1741029052504,16,HTTP Request,200,OK,Thread Group 1-54,text,true,,278,231,112,112,http://localhost:3001/character/268597,16,0,0
1741029052521,0,Debug Sampler,200,OK,Thread Group 1-54,text,true,,374,0,112,112,null,0,0,0
1741029052192,329,HTTP Request,201,Created,Thread Group 1-56,text,true,,283,225,111,111,http://localhost:3001/character,329,0,0
1741029052513,17,HTTP Request,200,OK,Thread Group 1-55,text,true,,282,235,114,114,http://localhost:3001/character/268598,17,0,0
1741029052530,0,Debug Sampler,200,OK,Thread Group 1-55,text,true,,371,0,114,114,null,0,0,0
1741029052197,333,HTTP Request,201,Created,Thread Group 1-57,text,true,,280,222,113,113,http://localhost:3001/character,333,0,0
1741029052531,7,HTTP Request,200,OK,Thread Group 1-57,text,true,,275,228,115,115,http://localhost:3001/character/268600,7,0,0
1741029052538,0,Debug Sampler,200,OK,Thread Group 1-57,text,true,,371,0,115,115,null,0,0,0
1741029052521,25,HTTP Request,200,OK,Thread Group 1-56,text,true,,276,229,117,117,http://localhost:3001/character/268599,25,0,0
1741029052546,0,Debug Sampler,200,OK,Thread Group 1-56,text,true,,369,0,118,118,null,0,0,0
1741029052201,345,HTTP Request,201,Created,Thread Group 1-59,text,true,,283,225,117,117,http://localhost:3001/character,345,0,1
1741029052201,346,HTTP Request,201,Created,Thread Group 1-58,text,true,,283,225,117,117,http://localhost:3001/character,346,0,1
1741029052546,9,HTTP Request,200,OK,Thread Group 1-59,text,true,,277,230,119,119,http://localhost:3001/character/268601,9,0,0
1741029052555,0,Debug Sampler,200,OK,Thread Group 1-59,text,true,,369,0,119,119,null,0,0,0
1741029052209,346,HTTP Request,201,Created,Thread Group 1-60,text,true,,281,223,118,118,http://localhost:3001/character,346,0,0
1741029052547,16,HTTP Request,200,OK,Thread Group 1-58,text,true,,278,231,121,121,http://localhost:3001/character/268602,16,0,0
1741029052563,0,Debug Sampler,200,OK,Thread Group 1-58,text,true,,371,0,121,121,null,0,0,0
1741029052210,353,HTTP Request,201,Created,Thread Group 1-62,text,true,,281,223,121,121,http://localhost:3001/character,353,0,0
1741029052555,16,HTTP Request,200,OK,Thread Group 1-60,text,true,,282,235,122,122,http://localhost:3001/character/268603,16,0,0
1741029052571,0,Debug Sampler,200,OK,Thread Group 1-60,text,true,,369,0,123,123,null,0,0,0
1741029052210,361,HTTP Request,201,Created,Thread Group 1-61,text,true,,282,224,122,122,http://localhost:3001/character,361,0,0
1741029052563,16,HTTP Request,200,OK,Thread Group 1-62,text,true,,278,231,124,124,http://localhost:3001/character/268604,16,0,0
1741029052579,0,Debug Sampler,200,OK,Thread Group 1-62,text,true,,371,0,124,124,null,0,0,0
1741029052217,362,HTTP Request,201,Created,Thread Group 1-63,text,true,,283,225,123,123,http://localhost:3001/character,362,0,0
1741029052572,16,HTTP Request,200,OK,Thread Group 1-61,text,true,,278,231,127,127,http://localhost:3001/character/268605,16,0,0
1741029052588,0,Debug Sampler,200,OK,Thread Group 1-61,text,true,,371,0,127,127,null,0,0,0
1741029052219,369,HTTP Request,201,Created,Thread Group 1-64,text,true,,281,223,126,126,http://localhost:3001/character,369,0,1
1741029052580,24,HTTP Request,200,OK,Thread Group 1-63,text,true,,276,229,130,130,http://localhost:3001/character/268606,24,0,0
1741029052219,385,HTTP Request,201,Created,Thread Group 1-65,text,true,,283,225,130,130,http://localhost:3001/character,385,0,1
1741029052588,8,HTTP Request,200,OK,Thread Group 1-64,text,true,,275,228,128,128,http://localhost:3001/character/268607,8,0,0
1741029052605,0,Debug Sampler,200,OK,Thread Group 1-63,text,true,,370,0,131,131,null,0,0,0
1741029052605,0,Debug Sampler,200,OK,Thread Group 1-64,text,true,,369,0,131,131,null,0,0,0
1741029052226,379,HTTP Request,201,Created,Thread Group 1-66,text,true,,283,225,131,131,http://localhost:3001/character,379,0,1
1741029052227,379,HTTP Request,201,Created,Thread Group 1-67,text,true,,280,222,130,130,http://localhost:3001/character,379,0,0
1741029052605,10,HTTP Request,200,OK,Thread Group 1-65,text,true,,278,231,132,132,http://localhost:3001/character/268608,10,0,0
1741029052615,0,Debug Sampler,200,OK,Thread Group 1-65,text,true,,371,0,132,132,null,0,0,0
1741029052606,17,HTTP Request,200,OK,Thread Group 1-66,text,true,,278,231,134,134,http://localhost:3001/character/268609,17,0,0
1741029052623,0,Debug Sampler,200,OK,Thread Group 1-66,text,true,,369,0,134,134,null,0,0,0
1741029052228,396,HTTP Request,201,Created,Thread Group 1-68,text,true,,283,225,133,133,http://localhost:3001/character,396,0,1
1741029052606,27,HTTP Request,200,OK,Thread Group 1-67,text,true,,277,230,136,136,http://localhost:3001/character/268610,27,0,0
1741029052633,0,Debug Sampler,200,OK,Thread Group 1-67,text,true,,375,0,136,136,null,0,0,0
1741029052236,397,HTTP Request,201,Created,Thread Group 1-69,text,true,,283,225,135,135,http://localhost:3001/character,397,0,0
1741029052624,18,HTTP Request,200,OK,Thread Group 1-68,text,true,,277,230,138,138,http://localhost:3001/character/268611,18,0,0
1741029052642,0,Debug Sampler,200,OK,Thread Group 1-68,text,true,,375,0,138,138,null,0,0,0
1741029052238,405,HTTP Request,201,Created,Thread Group 1-70,text,true,,287,229,137,137,http://localhost:3001/character,405,0,1
1741029052634,16,HTTP Request,200,OK,Thread Group 1-69,text,true,,275,228,140,140,http://localhost:3001/character/268612,16,0,0
1741029052650,0,Debug Sampler,200,OK,Thread Group 1-69,text,true,,371,0,141,141,null,0,0,0
1741029052239,412,HTTP Request,201,Created,Thread Group 1-72,text,true,,287,229,140,140,http://localhost:3001/character,412,0,1
1741029052643,15,HTTP Request,200,OK,Thread Group 1-70,text,true,,276,229,141,141,http://localhost:3001/character/268613,15,0,0
1741029052658,0,Debug Sampler,200,OK,Thread Group 1-70,text,true,,368,0,141,141,null,0,0,0
1741029052240,418,HTTP Request,201,Created,Thread Group 1-71,text,true,,282,224,140,140,http://localhost:3001/character,418,0,0
1741029052651,16,HTTP Request,200,OK,Thread Group 1-72,text,true,,278,231,143,143,http://localhost:3001/character/268614,16,0,0
1741029052667,0,Debug Sampler,200,OK,Thread Group 1-72,text,true,,369,0,143,143,null,0,0,0
1741029052245,423,HTTP Request,201,Created,Thread Group 1-73,text,true,,283,225,142,142,http://localhost:3001/character,423,0,1
1741029052659,17,HTTP Request,200,OK,Thread Group 1-71,text,true,,277,230,144,144,http://localhost:3001/character/268615,17,0,0
1741029052676,0,Debug Sampler,200,OK,Thread Group 1-71,text,true,,368,0,144,144,null,0,0,0
1741029052246,430,HTTP Request,201,Created,Thread Group 1-74,text,true,,280,222,144,144,http://localhost:3001/character,430,0,0
1741029052668,16,HTTP Request,200,OK,Thread Group 1-73,text,true,,278,231,148,148,http://localhost:3001/character/268616,16,0,0
1741029052685,0,Debug Sampler,200,OK,Thread Group 1-73,text,true,,375,0,148,148,null,0,0,0
1741029052249,436,HTTP Request,201,Created,Thread Group 1-75,text,true,,283,225,147,147,http://localhost:3001/character,436,0,0
1741029052677,15,HTTP Request,200,OK,Thread Group 1-74,text,true,,277,230,149,149,http://localhost:3001/character/268617,15,0,0
1741029052692,0,Debug Sampler,200,OK,Thread Group 1-74,text,true,,371,0,149,149,null,0,0,0
1741029052257,436,HTTP Request,201,Created,Thread Group 1-76,text,true,,281,223,148,148,http://localhost:3001/character,436,0,0
1741029052685,15,HTTP Request,200,OK,Thread Group 1-75,text,true,,282,235,149,149,http://localhost:3001/character/268618,15,0,0
1741029052700,0,Debug Sampler,200,OK,Thread Group 1-75,text,true,,368,0,149,149,null,0,0,0
1741029052257,444,HTTP Request,201,Created,Thread Group 1-77,text,true,,280,222,149,149,http://localhost:3001/character,444,0,0
1741029052693,16,HTTP Request,200,OK,Thread Group 1-76,text,true,,282,235,153,153,http://localhost:3001/character/268619,16,0,0
1741029052709,0,Debug Sampler,200,OK,Thread Group 1-76,text,true,,368,0,153,153,null,0,0,0
1741029052258,452,HTTP Request,201,Created,Thread Group 1-78,text,true,,283,225,152,152,http://localhost:3001/character,452,0,0
1741029052701,17,HTTP Request,200,OK,Thread Group 1-77,text,true,,276,229,155,155,http://localhost:3001/character/268620,17,0,0
1741029052718,0,Debug Sampler,200,OK,Thread Group 1-77,text,true,,371,0,155,155,null,0,0,0
1741029052265,454,HTTP Request,201,Created,Thread Group 1-79,text,true,,280,222,154,154,http://localhost:3001/character,454,0,0
1741029052710,17,HTTP Request,200,OK,Thread Group 1-78,text,true,,277,230,155,155,http://localhost:3001/character/268621,17,0,0
1741029052727,0,Debug Sampler,200,OK,Thread Group 1-78,text,true,,367,0,155,155,null,0,0,0
1741029052265,462,HTTP Request,201,Created,Thread Group 1-80,text,true,,282,224,155,155,http://localhost:3001/character,462,0,1
1741029052719,15,HTTP Request,200,OK,Thread Group 1-79,text,true,,276,229,158,158,http://localhost:3001/character/268622,15,0,0
1741029052734,0,Debug Sampler,200,OK,Thread Group 1-79,text,true,,375,0,158,158,null,0,0,0
1741029052267,468,HTTP Request,201,Created,Thread Group 1-81,text,true,,282,224,157,157,http://localhost:3001/character,468,0,0
1741029052727,16,HTTP Request,200,OK,Thread Group 1-80,text,true,,275,228,159,159,http://localhost:3001/character/268623,16,0,0
1741029052743,0,Debug Sampler,200,OK,Thread Group 1-80,text,true,,367,0,159,159,null,0,0,0
1741029052271,473,HTTP Request,201,Created,Thread Group 1-82,text,true,,280,222,158,158,http://localhost:3001/character,473,0,0
1741029052735,17,HTTP Request,200,OK,Thread Group 1-81,text,true,,278,231,162,162,http://localhost:3001/character/268624,17,0,0
1741029052752,0,Debug Sampler,200,OK,Thread Group 1-81,text,true,,368,0,162,162,null,0,0,0
1741029052275,477,HTTP Request,201,Created,Thread Group 1-83,text,true,,281,223,162,162,http://localhost:3001/character,477,0,0
1741029052744,15,HTTP Request,200,OK,Thread Group 1-82,text,true,,275,228,162,162,http://localhost:3001/character/268625,15,0,0
1741029052760,0,Debug Sampler,200,OK,Thread Group 1-82,text,true,,371,0,162,162,null,0,0,0
1741029052276,484,HTTP Request,201,Created,Thread Group 1-84,text,true,,281,223,163,163,http://localhost:3001/character,484,0,0
1741029052752,16,HTTP Request,200,OK,Thread Group 1-83,text,true,,275,228,165,165,http://localhost:3001/character/268626,16,0,0
1741029052768,0,Debug Sampler,200,OK,Thread Group 1-83,text,true,,369,0,165,165,null,0,0,0
1741029052283,485,HTTP Request,201,Created,Thread Group 1-85,text,true,,280,222,165,165,http://localhost:3001/character,485,0,1
1741029052760,16,HTTP Request,200,OK,Thread Group 1-84,text,true,,278,231,167,167,http://localhost:3001/character/268627,16,0,0
1741029052776,0,Debug Sampler,200,OK,Thread Group 1-84,text,true,,367,0,167,167,null,0,0,0
1741029052284,493,HTTP Request,201,Created,Thread Group 1-86,text,true,,283,225,166,166,http://localhost:3001/character,493,0,0
1741029052768,16,HTTP Request,200,OK,Thread Group 1-85,text,true,,278,231,168,168,http://localhost:3001/character/268628,16,0,0
1741029052784,0,Debug Sampler,200,OK,Thread Group 1-85,text,true,,375,0,168,168,null,0,0,0
1741029052290,494,HTTP Request,201,Created,Thread Group 1-88,text,true,,280,222,168,168,http://localhost:3001/character,494,0,0
1741029052785,6,HTTP Request,200,OK,Thread Group 1-88,text,true,,278,231,170,170,http://localhost:3001/character/268630,6,0,0
1741029052791,0,Debug Sampler,200,OK,Thread Group 1-88,text,true,,371,0,170,170,null,0,0,0
1741029052777,20,HTTP Request,200,OK,Thread Group 1-86,text,true,,277,230,171,171,http://localhost:3001/character/268629,20,0,0
1741029052797,0,Debug Sampler,200,OK,Thread Group 1-86,text,true,,371,0,171,171,null,0,0,0
1741029052290,507,HTTP Request,201,Created,Thread Group 1-87,text,true,,283,225,171,171,http://localhost:3001/character,507,0,0
1741029052292,506,HTTP Request,201,Created,Thread Group 1-89,text,true,,287,229,171,171,http://localhost:3001/character,506,0,1
1741029052797,10,HTTP Request,200,OK,Thread Group 1-87,text,true,,278,231,174,174,http://localhost:3001/character/268631,10,0,0
1741029052807,0,Debug Sampler,200,OK,Thread Group 1-87,text,true,,370,0,174,174,null,0,0,0
1741029052298,510,HTTP Request,201,Created,Thread Group 1-91,text,true,,282,224,173,173,http://localhost:3001/character,510,0,0
1741029052798,18,HTTP Request,200,OK,Thread Group 1-89,text,true,,282,235,176,176,http://localhost:3001/character/268632,18,0,0
1741029052816,0,Debug Sampler,200,OK,Thread Group 1-89,text,true,,370,0,176,176,null,0,0,0
1741029052299,518,HTTP Request,201,Created,Thread Group 1-90,text,true,,287,229,175,175,http://localhost:3001/character,518,0,0
1741029052808,17,HTTP Request,200,OK,Thread Group 1-91,text,true,,278,231,177,177,http://localhost:3001/character/268633,17,0,0
1741029052825,0,Debug Sampler,200,OK,Thread Group 1-91,text,true,,368,0,178,178,null,0,0,0
1741029052300,526,HTTP Request,201,Created,Thread Group 1-92,text,true,,281,223,177,177,http://localhost:3001/character,526,0,1
1741029052817,17,HTTP Request,200,OK,Thread Group 1-90,text,true,,277,230,179,179,http://localhost:3001/character/268634,17,0,0
1741029052834,0,Debug Sampler,200,OK,Thread Group 1-90,text,true,,375,0,180,180,null,0,0,0
1741029052305,529,HTTP Request,201,Created,Thread Group 1-93,text,true,,283,225,179,179,http://localhost:3001/character,529,0,0
1741029052826,15,HTTP Request,200,OK,Thread Group 1-92,text,true,,278,231,181,181,http://localhost:3001/character/268635,15,0,0
1741029052841,0,Debug Sampler,200,OK,Thread Group 1-92,text,true,,368,0,181,181,null,0,0,0
1741029052306,536,HTTP Request,201,Created,Thread Group 1-94,text,true,,281,223,180,180,http://localhost:3001/character,536,0,1
1741029052842,9,HTTP Request,200,OK,Thread Group 1-94,text,true,,282,235,182,182,http://localhost:3001/character/268637,9,0,0
1741029052851,0,Debug Sampler,200,OK,Thread Group 1-94,text,true,,369,0,182,182,null,0,0,0
1741029052834,24,HTTP Request,200,OK,Thread Group 1-93,text,true,,278,231,185,185,http://localhost:3001/character/268636,24,0,0
1741029052858,0,Debug Sampler,200,OK,Thread Group 1-93,text,true,,374,0,185,185,null,0,0,0
1741029052311,548,HTTP Request,201,Created,Thread Group 1-95,text,true,,287,229,184,184,http://localhost:3001/character,548,0,0
1741029052859,8,HTTP Request,200,OK,Thread Group 1-95,text,true,,277,230,186,186,http://localhost:3001/character/268638,8,0,0
1741029052867,0,Debug Sampler,200,OK,Thread Group 1-95,text,true,,371,0,187,187,null,0,0,0
1741029052312,555,HTTP Request,201,Created,Thread Group 1-96,text,true,,280,222,186,186,http://localhost:3001/character,555,0,0
1741029052319,549,HTTP Request,201,Created,Thread Group 1-98,text,true,,281,223,186,186,http://localhost:3001/character,549,0,1
1741029052867,9,HTTP Request,200,OK,Thread Group 1-96,text,true,,277,230,188,188,http://localhost:3001/character/268639,9,0,0
1741029052876,0,Debug Sampler,200,OK,Thread Group 1-96,text,true,,369,0,188,188,null,0,0,0
1741029052320,557,HTTP Request,201,Created,Thread Group 1-97,text,true,,283,225,187,187,http://localhost:3001/character,557,0,0
1741029052868,17,HTTP Request,200,OK,Thread Group 1-98,text,true,,278,231,189,189,http://localhost:3001/character/268640,17,0,0
1741029052885,0,Debug Sampler,200,OK,Thread Group 1-98,text,true,,371,0,189,189,null,0,0,0
1741029052320,566,HTTP Request,201,Created,Thread Group 1-99,text,true,,282,224,188,188,http://localhost:3001/character,566,0,0
1741029052877,17,HTTP Request,200,OK,Thread Group 1-97,text,true,,278,231,191,191,http://localhost:3001/character/268641,17,0,0
1741029052894,0,Debug Sampler,200,OK,Thread Group 1-97,text,true,,370,0,191,191,null,0,0,0
1741029052327,568,HTTP Request,201,Created,Thread Group 1-101,text,true,,281,223,190,190,http://localhost:3001/character,568,0,0
1741029052886,16,HTTP Request,200,OK,Thread Group 1-99,text,true,,275,228,193,193,http://localhost:3001/character/268642,16,0,0
1741029052902,0,Debug Sampler,200,OK,Thread Group 1-99,text,true,,368,0,193,193,null,0,0,0
1741029052327,575,HTTP Request,201,Created,Thread Group 1-100,text,true,,280,222,193,193,http://localhost:3001/character,575,0,1
1741029052895,15,HTTP Request,200,OK,Thread Group 1-101,text,true,,278,231,195,195,http://localhost:3001/character/268643,15,0,0
1741029052911,0,Debug Sampler,200,OK,Thread Group 1-101,text,true,,376,0,195,195,null,0,0,0
1741029052331,580,HTTP Request,201,Created,Thread Group 1-102,text,true,,282,224,194,194,http://localhost:3001/character,580,0,1
1741029052903,15,HTTP Request,200,OK,Thread Group 1-100,text,true,,277,230,198,198,http://localhost:3001/character/268644,15,0,0
1741029052919,0,Debug Sampler,200,OK,Thread Group 1-100,text,true,,371,0,198,198,null,0,0,0
1741029052332,587,HTTP Request,201,Created,Thread Group 1-103,text,true,,283,225,197,197,http://localhost:3001/character,587,0,0
1741029052911,16,HTTP Request,200,OK,Thread Group 1-102,text,true,,282,235,199,199,http://localhost:3001/character/268645,16,0,0
1741029052927,0,Debug Sampler,200,OK,Thread Group 1-102,text,true,,375,0,199,199,null,0,0,0
1741029052338,589,HTTP Request,201,Created,Thread Group 1-104,text,true,,281,223,198,198,http://localhost:3001/character,589,0,1
1741029052919,15,HTTP Request,200,OK,Thread Group 1-103,text,true,,275,228,198,198,http://localhost:3001/character/268646,15,0,0
1741029052339,596,HTTP Request,201,Created,Thread Group 1-105,text,true,,283,225,198,198,http://localhost:3001/character,596,0,0
1741029052935,0,Debug Sampler,200,OK,Thread Group 1-103,text,true,,376,0,198,198,null,0,0,0
1741029052927,15,HTTP Request,200,OK,Thread Group 1-104,text,true,,282,235,197,197,http://localhost:3001/character/268647,15,0,0
1741029052942,0,Debug Sampler,200,OK,Thread Group 1-104,text,true,,370,0,197,197,null,0,0,0
1741029052343,599,HTTP Request,201,Created,Thread Group 1-106,text,true,,281,223,197,197,http://localhost:3001/character,599,0,1
1741029052935,14,HTTP Request,200,OK,Thread Group 1-105,text,true,,278,231,196,196,http://localhost:3001/character/268648,14,0,0
1741029052347,603,HTTP Request,201,Created,Thread Group 1-107,text,true,,281,223,196,196,http://localhost:3001/character,603,0,0
1741029052950,0,Debug Sampler,200,OK,Thread Group 1-105,text,true,,372,0,196,196,null,0,0,0
1741029052942,14,HTTP Request,200,OK,Thread Group 1-106,text,true,,278,231,195,195,http://localhost:3001/character/268649,14,0,0
1741029052956,0,Debug Sampler,200,OK,Thread Group 1-106,text,true,,376,0,195,195,null,0,0,0
1741029052348,608,HTTP Request,201,Created,Thread Group 1-108,text,true,,287,229,195,195,http://localhost:3001/character,608,0,0
1741029052950,14,HTTP Request,200,OK,Thread Group 1-107,text,true,,275,228,194,194,http://localhost:3001/character/268650,14,0,0
1741029052964,0,Debug Sampler,200,OK,Thread Group 1-107,text,true,,369,0,194,194,null,0,0,0
1741029052352,612,HTTP Request,201,Created,Thread Group 1-109,text,true,,280,222,193,193,http://localhost:3001/character,612,0,0
1741029052957,14,HTTP Request,200,OK,Thread Group 1-108,text,true,,278,231,193,193,http://localhost:3001/character/268651,14,0,0
1741029052971,0,Debug Sampler,200,OK,Thread Group 1-108,text,true,,369,0,193,193,null,0,0,0
1741029052355,616,HTTP Request,201,Created,Thread Group 1-110,text,true,,283,225,192,192,http://localhost:3001/character,616,0,0
1741029052965,16,HTTP Request,200,OK,Thread Group 1-109,text,true,,277,230,192,192,http://localhost:3001/character/268652,16,0,0
1741029052981,0,Debug Sampler,200,OK,Thread Group 1-109,text,true,,376,0,192,192,null,0,0,0
1741029052358,623,HTTP Request,201,Created,Thread Group 1-111,text,true,,287,229,191,191,http://localhost:3001/character,623,0,0
1741029052972,17,HTTP Request,200,OK,Thread Group 1-110,text,true,,275,228,191,191,http://localhost:3001/character/268653,17,0,0
1741029052990,0,Debug Sampler,200,OK,Thread Group 1-110,text,true,,372,0,191,191,null,0,0,0
1741029052360,630,HTTP Request,201,Created,Thread Group 1-112,text,true,,283,225,190,190,http://localhost:3001/character,630,0,0
1741029052982,15,HTTP Request,200,OK,Thread Group 1-111,text,true,,276,229,190,190,http://localhost:3001/character/268654,15,0,0
1741029052997,0,Debug Sampler,200,OK,Thread Group 1-111,text,true,,376,0,190,190,null,0,0,0
1741029052368,629,HTTP Request,201,Created,Thread Group 1-114,text,true,,281,223,189,189,http://localhost:3001/character,629,0,0
1741029052991,14,HTTP Request,200,OK,Thread Group 1-112,text,true,,278,231,189,189,http://localhost:3001/character/268655,14,0,0
1741029053005,0,Debug Sampler,200,OK,Thread Group 1-112,text,true,,371,0,189,189,null,0,0,0
1741029052368,638,HTTP Request,201,Created,Thread Group 1-113,text,true,,283,225,188,188,http://localhost:3001/character,638,0,0
1741029052998,14,HTTP Request,200,OK,Thread Group 1-114,text,true,,278,231,188,188,http://localhost:3001/character/268656,14,0,0
1741029053012,0,Debug Sampler,200,OK,Thread Group 1-114,text,true,,371,0,188,188,null,0,0,0
1741029052368,645,HTTP Request,201,Created,Thread Group 1-115,text,true,,282,224,187,187,http://localhost:3001/character,645,0,0
1741029053006,14,HTTP Request,200,OK,Thread Group 1-113,text,true,,276,229,187,187,http://localhost:3001/character/268657,14,0,0
1741029053020,0,Debug Sampler,200,OK,Thread Group 1-113,text,true,,371,0,187,187,null,0,0,0
1741029052373,647,HTTP Request,201,Created,Thread Group 1-116,text,true,,283,225,186,186,http://localhost:3001/character,647,0,1
1741029053013,14,HTTP Request,200,OK,Thread Group 1-115,text,true,,282,235,186,186,http://localhost:3001/character/268658,14,0,0
1741029052375,652,HTTP Request,201,Created,Thread Group 1-117,text,true,,282,224,186,186,http://localhost:3001/character,652,0,0
1741029053028,0,Debug Sampler,200,OK,Thread Group 1-115,text,true,,370,0,186,186,null,0,0,0
1741029053020,15,HTTP Request,200,OK,Thread Group 1-116,text,true,,278,231,185,185,http://localhost:3001/character/268659,15,0,0
1741029052382,654,HTTP Request,201,Created,Thread Group 1-118,text,true,,281,223,185,185,http://localhost:3001/character,654,0,0
1741029053036,0,Debug Sampler,200,OK,Thread Group 1-116,text,true,,372,0,185,185,null,0,0,0
1741029053028,15,HTTP Request,200,OK,Thread Group 1-117,text,true,,277,230,184,184,http://localhost:3001/character/268660,15,0,0
1741029052382,661,HTTP Request,201,Created,Thread Group 1-119,text,true,,287,229,184,184,http://localhost:3001/character,661,0,0
1741029053043,0,Debug Sampler,200,OK,Thread Group 1-117,text,true,,371,0,184,184,null,0,0,0
1741029053036,13,HTTP Request,200,OK,Thread Group 1-118,text,true,,276,229,183,183,http://localhost:3001/character/268661,13,0,0
1741029053050,0,Debug Sampler,200,OK,Thread Group 1-118,text,true,,369,0,183,183,null,0,0,0
1741029052384,665,HTTP Request,201,Created,Thread Group 1-120,text,true,,282,224,183,183,http://localhost:3001/character,665,0,0
1741029053043,12,HTTP Request,200,OK,Thread Group 1-119,text,true,,278,231,182,182,http://localhost:3001/character/268662,12,0,0
1741029053056,0,Debug Sampler,200,OK,Thread Group 1-119,text,true,,372,0,182,182,null,0,0,0
1741029052391,665,HTTP Request,201,Created,Thread Group 1-121,text,true,,280,222,182,182,http://localhost:3001/character,665,0,1
1741029053050,12,HTTP Request,200,OK,Thread Group 1-120,text,true,,275,228,181,181,http://localhost:3001/character/268663,12,0,0
1741029052392,670,HTTP Request,201,Created,Thread Group 1-122,text,true,,283,225,181,181,http://localhost:3001/character,670,0,0
1741029053063,0,Debug Sampler,200,OK,Thread Group 1-120,text,true,,369,0,181,181,null,0,0,0
1741029053056,13,HTTP Request,200,OK,Thread Group 1-121,text,true,,278,231,180,180,http://localhost:3001/character/268664,13,0,0
1741029052393,676,HTTP Request,201,Created,Thread Group 1-123,text,true,,281,223,180,180,http://localhost:3001/character,676,0,0
1741029053069,0,Debug Sampler,200,OK,Thread Group 1-121,text,true,,372,0,180,180,null,0,0,0
1741029053063,13,HTTP Request,200,OK,Thread Group 1-122,text,true,,277,230,179,179,http://localhost:3001/character/268665,13,0,0
1741029052399,677,HTTP Request,201,Created,Thread Group 1-124,text,true,,283,225,179,179,http://localhost:3001/character,677,0,0
1741029053076,0,Debug Sampler,200,OK,Thread Group 1-122,text,true,,370,0,179,179,null,0,0,0
1741029053070,12,HTTP Request,200,OK,Thread Group 1-123,text,true,,278,231,178,178,http://localhost:3001/character/268666,12,0,0
1741029052399,683,HTTP Request,201,Created,Thread Group 1-125,text,true,,283,225,178,178,http://localhost:3001/character,683,0,1
1741029053082,0,Debug Sampler,200,OK,Thread Group 1-123,text,true,,369,0,178,178,null,0,0,0
1741029053077,10,HTTP Request,200,OK,Thread Group 1-124,text,true,,275,228,177,177,http://localhost:3001/character/268667,10,0,0
1741029052404,684,HTTP Request,201,Created,Thread Group 1-127,text,true,,287,229,177,177,http://localhost:3001/character,684,0,0
1741029053088,0,Debug Sampler,200,OK,Thread Group 1-124,text,true,,376,0,177,177,null,0,0,0
1741029053082,12,HTTP Request,200,OK,Thread Group 1-125,text,true,,282,235,176,176,http://localhost:3001/character/268668,12,0,0
1741029052404,690,HTTP Request,201,Created,Thread Group 1-126,text,true,,280,222,176,176,http://localhost:3001/character,690,0,0
1741029053094,0,Debug Sampler,200,OK,Thread Group 1-125,text,true,,369,0,176,176,null,0,0,0
1741029052472,639,HTTP Request,201,Created,Thread Group 1-149,text,true,,280,222,175,175,http://localhost:3001/character,639,0,0
1741029052466,645,HTTP Request,201,Created,Thread Group 1-147,text,true,,283,225,175,175,http://localhost:3001/character,645,0,0
1741029052463,647,HTTP Request,201,Created,Thread Group 1-146,text,true,,283,225,175,175,http://localhost:3001/character,647,0,1
1741029052458,652,HTTP Request,201,Created,Thread Group 1-145,text,true,,283,225,175,175,http://localhost:3001/character,652,0,1
1741029052456,654,HTTP Request,201,Created,Thread Group 1-144,text,true,,283,225,175,175,http://localhost:3001/character,654,0,0
1741029052453,657,HTTP Request,201,Created,Thread Group 1-142,text,true,,283,225,175,175,http://localhost:3001/character,657,0,0
1741029052446,663,HTTP Request,201,Created,Thread Group 1-141,text,true,,287,229,175,175,http://localhost:3001/character,663,0,0
1741029052453,657,HTTP Request,201,Created,Thread Group 1-143,text,true,,283,225,175,175,http://localhost:3001/character,657,0,0
1741029052445,664,HTTP Request,201,Created,Thread Group 1-140,text,true,,287,229,175,175,http://localhost:3001/character,664,0,0
1741029052439,670,HTTP Request,201,Created,Thread Group 1-138,text,true,,287,229,175,175,http://localhost:3001/character,670,0,0
1741029052440,669,HTTP Request,201,Created,Thread Group 1-139,text,true,,281,223,175,175,http://localhost:3001/character,669,0,0
1741029052438,670,HTTP Request,201,Created,Thread Group 1-137,text,true,,287,229,175,175,http://localhost:3001/character,670,0,1
1741029052434,674,HTTP Request,201,Created,Thread Group 1-135,text,true,,287,229,175,175,http://localhost:3001/character,674,0,0
1741029052434,674,HTTP Request,201,Created,Thread Group 1-136,text,true,,287,229,175,175,http://localhost:3001/character,674,0,0
1741029052426,682,HTTP Request,201,Created,Thread Group 1-134,text,true,,281,223,175,175,http://localhost:3001/character,682,0,1
1741029052426,682,HTTP Request,201,Created,Thread Group 1-133,text,true,,280,222,175,175,http://localhost:3001/character,682,0,0
1741029052422,685,HTTP Request,201,Created,Thread Group 1-132,text,true,,287,229,175,175,http://localhost:3001/character,685,0,0
1741029052417,690,HTTP Request,201,Created,Thread Group 1-130,text,true,,283,225,175,175,http://localhost:3001/character,690,0,0
1741029052417,690,HTTP Request,201,Created,Thread Group 1-131,text,true,,281,223,175,175,http://localhost:3001/character,690,0,0
1741029053094,12,HTTP Request,200,OK,Thread Group 1-126,text,true,,282,235,175,175,http://localhost:3001/character/268670,12,0,0
1741029052409,691,HTTP Request,201,Created,Thread Group 1-128,text,true,,283,225,175,175,http://localhost:3001/character,691,0,1
1741029053088,12,HTTP Request,200,OK,Thread Group 1-127,text,true,,275,228,175,175,http://localhost:3001/character/268669,12,0,0
1741029052410,697,HTTP Request,201,Created,Thread Group 1-129,text,true,,281,223,175,175,http://localhost:3001/character,697,0,0
1741029053112,0,Debug Sampler,200,OK,Thread Group 1-126,text,true,,372,0,175,175,null,0,0,0
1741029052472,640,HTTP Request,201,Created,Thread Group 1-148,text,true,,283,225,174,174,http://localhost:3001/character,640,0,0
1741029053112,0,Debug Sampler,200,OK,Thread Group 1-127,text,true,,372,0,174,174,null,0,0,0
1741029052476,636,HTTP Request,201,Created,Thread Group 1-150,text,true,,287,229,173,173,http://localhost:3001/character,636,0,0
1741029053111,10,HTTP Request,200,OK,Thread Group 1-145,text,true,,278,231,173,173,http://localhost:3001/character/268688,10,0,0
1741029053121,0,Debug Sampler,200,OK,Thread Group 1-145,text,true,,370,0,173,173,null,0,0,0
1741029053112,17,HTTP Request,200,OK,Thread Group 1-131,text,true,,278,231,172,172,http://localhost:3001/character/268673,17,0,0
1741029053129,0,Debug Sampler,200,OK,Thread Group 1-131,text,true,,376,0,172,172,null,0,0,0
1741029053112,24,HTTP Request,200,OK,Thread Group 1-147,text,true,,275,228,171,171,http://localhost:3001/character/268690,24,0,0
1741029053136,0,Debug Sampler,200,OK,Thread Group 1-147,text,true,,370,0,171,171,null,0,0,0
1741029053112,32,HTTP Request,200,OK,Thread Group 1-149,text,true,,278,231,170,170,http://localhost:3001/character/268691,32,0,0
1741029053144,0,Debug Sampler,200,OK,Thread Group 1-149,text,true,,372,0,170,170,null,0,0,0
1741029053112,39,HTTP Request,200,OK,Thread Group 1-135,text,true,,277,230,169,169,http://localhost:3001/character/268678,39,0,0
1741029053151,0,Debug Sampler,200,OK,Thread Group 1-135,text,true,,370,0,169,169,null,0,0,0
1741029053112,46,HTTP Request,200,OK,Thread Group 1-130,text,true,,277,230,168,168,http://localhost:3001/character/268674,46,0,0
1741029053158,0,Debug Sampler,200,OK,Thread Group 1-130,text,true,,369,0,168,168,null,0,0,0
1741029053112,52,HTTP Request,200,OK,Thread Group 1-140,text,true,,276,229,167,167,http://localhost:3001/character/268683,52,0,0
1741029053165,0,Debug Sampler,200,OK,Thread Group 1-140,text,true,,372,0,167,167,null,0,0,0
1741029053112,60,HTTP Request,200,OK,Thread Group 1-139,text,true,,278,231,166,166,http://localhost:3001/character/268682,60,0,0
1741029053172,0,Debug Sampler,200,OK,Thread Group 1-139,text,true,,376,0,166,166,null,0,0,0
1741029053112,67,HTTP Request,200,OK,Thread Group 1-143,text,true,,275,228,165,165,http://localhost:3001/character/268685,67,0,0
1741029053180,0,Debug Sampler,200,OK,Thread Group 1-143,text,true,,372,0,165,165,null,0,0,0
1741029053112,74,HTTP Request,200,OK,Thread Group 1-137,text,true,,275,228,164,164,http://localhost:3001/character/268680,74,0,0
1741029053186,0,Debug Sampler,200,OK,Thread Group 1-137,text,true,,372,0,164,164,null,0,0,0
1741029053112,81,HTTP Request,200,OK,Thread Group 1-138,text,true,,275,228,163,163,http://localhost:3001/character/268681,81,0,0
1741029053194,0,Debug Sampler,200,OK,Thread Group 1-138,text,true,,371,0,163,163,null,0,0,0
1741029053112,87,HTTP Request,200,OK,Thread Group 1-144,text,true,,278,231,162,162,http://localhost:3001/character/268687,87,0,0
1741029053199,0,Debug Sampler,200,OK,Thread Group 1-144,text,true,,372,0,162,162,null,0,0,0
1741029053112,94,HTTP Request,200,OK,Thread Group 1-129,text,true,,277,230,161,161,http://localhost:3001/character/268672,94,0,0
1741029053207,0,Debug Sampler,200,OK,Thread Group 1-129,text,true,,370,0,161,161,null,0,0,0
1741029053112,100,HTTP Request,200,OK,Thread Group 1-134,text,true,,282,235,160,160,http://localhost:3001/character/268677,100,0,0
1741029053212,0,Debug Sampler,200,OK,Thread Group 1-134,text,true,,370,0,160,160,null,0,0,0
1741029053112,106,HTTP Request,200,OK,Thread Group 1-128,text,true,,278,231,159,159,http://localhost:3001/character/268671,106,0,0
1741029053218,0,Debug Sampler,200,OK,Thread Group 1-128,text,true,,369,0,159,159,null,0,0,0
1741029053112,112,HTTP Request,200,OK,Thread Group 1-132,text,true,,278,231,158,158,http://localhost:3001/character/268675,112,0,0
1741029053224,0,Debug Sampler,200,OK,Thread Group 1-132,text,true,,370,0,158,158,null,0,0,0
1741029053112,119,HTTP Request,200,OK,Thread Group 1-146,text,true,,277,230,157,157,http://localhost:3001/character/268689,119,0,0
1741029053231,0,Debug Sampler,200,OK,Thread Group 1-146,text,true,,371,0,157,157,null,0,0,0
1741029053112,125,HTTP Request,200,OK,Thread Group 1-133,text,true,,276,229,156,156,http://localhost:3001/character/268676,125,0,0
1741029053237,0,Debug Sampler,200,OK,Thread Group 1-133,text,true,,372,0,156,156,null,0,0,0
1741029053112,131,HTTP Request,200,OK,Thread Group 1-136,text,true,,282,235,155,155,http://localhost:3001/character/268679,131,0,0
1741029053243,0,Debug Sampler,200,OK,Thread Group 1-136,text,true,,376,0,155,155,null,0,0,0
1741029053112,136,HTTP Request,200,OK,Thread Group 1-142,text,true,,277,230,154,154,http://localhost:3001/character/268686,136,0,0
1741029053248,1,Debug Sampler,200,OK,Thread Group 1-142,text,true,,372,0,154,154,null,0,0,0
1741029053112,141,HTTP Request,200,OK,Thread Group 1-148,text,true,,278,231,153,153,http://localhost:3001/character/268692,141,0,0
1741029053253,0,Debug Sampler,200,OK,Thread Group 1-148,text,true,,372,0,153,153,null,0,0,0
1741029053112,149,HTTP Request,200,OK,Thread Group 1-141,text,true,,278,231,152,152,http://localhost:3001/character/268684,149,0,0
1741029053261,0,Debug Sampler,200,OK,Thread Group 1-141,text,true,,376,0,152,152,null,0,0,0
1741029052480,781,HTTP Request,201,Created,Thread Group 1-151,text,true,,281,223,152,152,http://localhost:3001/character,781,0,0
1741029053112,157,HTTP Request,200,OK,Thread Group 1-150,text,true,,275,228,151,151,http://localhost:3001/character/268693,157,0,0
1741029053270,0,Debug Sampler,200,OK,Thread Group 1-150,text,true,,371,0,151,151,null,0,0,0
1741029052480,790,HTTP Request,201,Created,Thread Group 1-152,text,true,,283,225,151,151,http://localhost:3001/character,790,0,0
1741029053270,8,HTTP Request,200,OK,Thread Group 1-152,text,true,,282,235,150,150,http://localhost:3001/character/268695,8,0,0
1741029053279,0,Debug Sampler,200,OK,Thread Group 1-152,text,true,,370,0,150,150,null,0,0,0
1741029053261,24,HTTP Request,200,OK,Thread Group 1-151,text,true,,282,235,149,149,http://localhost:3001/character/268694,24,0,0
1741029052484,801,HTTP Request,201,Created,Thread Group 1-153,text,true,,281,223,149,149,http://localhost:3001/character,801,0,1
1741029053285,0,Debug Sampler,200,OK,Thread Group 1-151,text,true,,375,0,149,149,null,0,0,0
1741029052486,800,HTTP Request,201,Created,Thread Group 1-154,text,true,,287,229,148,148,http://localhost:3001/character,800,0,0
1741029052492,794,HTTP Request,201,Created,Thread Group 1-155,text,true,,280,222,148,148,http://localhost:3001/character,794,0,0
1741029053285,8,HTTP Request,200,OK,Thread Group 1-153,text,true,,282,235,148,148,http://localhost:3001/character/268696,8,0,0
1741029053293,0,Debug Sampler,200,OK,Thread Group 1-153,text,true,,370,0,148,148,null,0,0,0
1741029052492,801,HTTP Request,201,Created,Thread Group 1-156,text,true,,283,225,148,148,http://localhost:3001/character,801,0,0
1741029053286,14,HTTP Request,200,OK,Thread Group 1-154,text,true,,275,228,147,147,http://localhost:3001/character/268697,14,0,0
1741029053300,0,Debug Sampler,200,OK,Thread Group 1-154,text,true,,372,0,147,147,null,0,0,0
1741029053286,21,HTTP Request,200,OK,Thread Group 1-155,text,true,,278,231,146,146,http://localhost:3001/character/268698,21,0,0
1741029053307,0,Debug Sampler,200,OK,Thread Group 1-155,text,true,,371,0,146,146,null,0,0,0
1741029052495,813,HTTP Request,201,Created,Thread Group 1-157,text,true,,283,225,145,145,http://localhost:3001/character,813,0,0
1741029053293,23,HTTP Request,200,OK,Thread Group 1-156,text,true,,277,230,145,145,http://localhost:3001/character/268699,23,0,0
1741029052499,817,HTTP Request,201,Created,Thread Group 1-158,text,true,,283,225,145,145,http://localhost:3001/character,817,0,0
1741029053316,0,Debug Sampler,200,OK,Thread Group 1-156,text,true,,372,0,145,145,null,0,0,0
1741029053308,15,HTTP Request,200,OK,Thread Group 1-157,text,true,,278,231,144,144,http://localhost:3001/character/268700,15,0,0
1741029052501,822,HTTP Request,201,Created,Thread Group 1-159,text,true,,280,222,144,144,http://localhost:3001/character,822,0,0
1741029053324,0,Debug Sampler,200,OK,Thread Group 1-157,text,true,,369,0,144,144,null,0,0,0
1741029053317,12,HTTP Request,200,OK,Thread Group 1-158,text,true,,276,229,143,143,http://localhost:3001/character/268701,12,0,0
1741029053330,0,Debug Sampler,200,OK,Thread Group 1-158,text,true,,370,0,143,143,null,0,0,0
1741029052504,826,HTTP Request,201,Created,Thread Group 1-160,text,true,,281,223,143,143,http://localhost:3001/character,826,0,0
1741029053324,14,HTTP Request,200,OK,Thread Group 1-159,text,true,,278,231,142,142,http://localhost:3001/character/268702,14,0,0
1741029052507,831,HTTP Request,201,Created,Thread Group 1-161,text,true,,281,223,142,142,http://localhost:3001/character,831,0,0
1741029053338,0,Debug Sampler,200,OK,Thread Group 1-159,text,true,,371,0,142,142,null,0,0,0
1741029053330,17,HTTP Request,200,OK,Thread Group 1-160,text,true,,278,231,141,141,http://localhost:3001/character/268703,17,0,0
1741029053348,0,Debug Sampler,200,OK,Thread Group 1-160,text,true,,369,0,141,141,null,0,0,0
1741029052513,835,HTTP Request,201,Created,Thread Group 1-162,text,true,,283,225,140,140,http://localhost:3001/character,835,0,0
1741029053339,16,HTTP Request,200,OK,Thread Group 1-161,text,true,,282,235,140,140,http://localhost:3001/character/268704,16,0,0
1741029053355,1,Debug Sampler,200,OK,Thread Group 1-161,text,true,,371,0,140,140,null,0,0,0
1741029052513,842,HTTP Request,201,Created,Thread Group 1-163,text,true,,283,225,140,140,http://localhost:3001/character,842,0,0
1741029053348,14,HTTP Request,200,OK,Thread Group 1-162,text,true,,278,231,139,139,http://localhost:3001/character/268705,14,0,0
1741029053362,0,Debug Sampler,200,OK,Thread Group 1-162,text,true,,372,0,139,139,null,0,0,0
1741029052520,842,HTTP Request,201,Created,Thread Group 1-165,text,true,,282,224,139,139,http://localhost:3001/character,842,0,0
1741029053356,13,HTTP Request,200,OK,Thread Group 1-163,text,true,,277,230,138,138,http://localhost:3001/character/268706,13,0,0
1741029052520,849,HTTP Request,201,Created,Thread Group 1-164,text,true,,282,224,138,138,http://localhost:3001/character,849,0,0
1741029053369,0,Debug Sampler,200,OK,Thread Group 1-163,text,true,,371,0,138,138,null,0,0,0
1741029053362,13,HTTP Request,200,OK,Thread Group 1-165,text,true,,276,229,137,137,http://localhost:3001/character/268707,13,0,0
1741029052526,850,HTTP Request,201,Created,Thread Group 1-166,text,true,,283,225,137,137,http://localhost:3001/character,850,0,0
1741029053376,0,Debug Sampler,200,OK,Thread Group 1-165,text,true,,369,0,137,137,null,0,0,0
1741029053369,14,HTTP Request,200,OK,Thread Group 1-164,text,true,,282,235,136,136,http://localhost:3001/character/268708,14,0,0
1741029052528,855,HTTP Request,201,Created,Thread Group 1-168,text,true,,280,222,136,136,http://localhost:3001/character,855,0,0
1741029053383,0,Debug Sampler,200,OK,Thread Group 1-164,text,true,,372,0,136,136,null,0,0,0
1741029053376,13,HTTP Request,200,OK,Thread Group 1-166,text,true,,276,229,135,135,http://localhost:3001/character/268709,13,0,0
1741029052528,861,HTTP Request,201,Created,Thread Group 1-167,text,true,,281,223,135,135,http://localhost:3001/character,861,0,0
1741029053389,1,Debug Sampler,200,OK,Thread Group 1-166,text,true,,376,0,135,135,null,0,0,0
1741029053383,14,HTTP Request,200,OK,Thread Group 1-168,text,true,,278,231,134,134,http://localhost:3001/character/268710,14,0,0
1741029052531,866,HTTP Request,201,Created,Thread Group 1-169,text,true,,287,229,134,134,http://localhost:3001/character,866,0,0
1741029053397,0,Debug Sampler,200,OK,Thread Group 1-168,text,true,,369,0,134,134,null,0,0,0
1741029053390,14,HTTP Request,200,OK,Thread Group 1-167,text,true,,282,235,133,133,http://localhost:3001/character/268711,14,0,0
1741029052538,866,HTTP Request,201,Created,Thread Group 1-170,text,true,,280,222,133,133,http://localhost:3001/character,866,0,1
1741029053404,0,Debug Sampler,200,OK,Thread Group 1-167,text,true,,372,0,133,133,null,0,0,0
1741029053397,14,HTTP Request,200,OK,Thread Group 1-169,text,true,,278,231,132,132,http://localhost:3001/character/268712,14,0,0
1741029052539,872,HTTP Request,201,Created,Thread Group 1-171,text,true,,283,225,132,132,http://localhost:3001/character,872,0,0
1741029053411,0,Debug Sampler,200,OK,Thread Group 1-169,text,true,,369,0,132,132,null,0,0,0
1741029053404,13,HTTP Request,200,OK,Thread Group 1-170,text,true,,278,231,131,131,http://localhost:3001/character/268713,13,0,0
1741029052539,878,HTTP Request,201,Created,Thread Group 1-172,text,true,,287,229,131,131,http://localhost:3001/character,878,0,1
1741029053418,0,Debug Sampler,200,OK,Thread Group 1-170,text,true,,369,0,131,131,null,0,0,0
1741029053411,12,HTTP Request,200,OK,Thread Group 1-171,text,true,,278,231,130,130,http://localhost:3001/character/268714,12,0,0
1741029052543,880,HTTP Request,201,Created,Thread Group 1-173,text,true,,287,229,130,130,http://localhost:3001/character,880,0,0
1741029053423,0,Debug Sampler,200,OK,Thread Group 1-171,text,true,,372,0,130,130,null,0,0,0
1741029053418,11,HTTP Request,200,OK,Thread Group 1-172,text,true,,275,228,129,129,http://localhost:3001/character/268715,11,0,0
1741029053429,0,Debug Sampler,200,OK,Thread Group 1-172,text,true,,372,0,129,129,null,0,0,0
1741029052546,883,HTTP Request,201,Created,Thread Group 1-174,text,true,,283,225,129,129,http://localhost:3001/character,883,0,0
1741029053423,12,HTTP Request,200,OK,Thread Group 1-173,text,true,,282,235,128,128,http://localhost:3001/character/268716,12,0,0
1741029052553,882,HTTP Request,201,Created,Thread Group 1-175,text,true,,283,225,128,128,http://localhost:3001/character,882,0,0
1741029053436,0,Debug Sampler,200,OK,Thread Group 1-173,text,true,,371,0,128,128,null,0,0,0
1741029053429,12,HTTP Request,200,OK,Thread Group 1-174,text,true,,276,229,127,127,http://localhost:3001/character/268717,12,0,0
1741029052553,889,HTTP Request,201,Created,Thread Group 1-176,text,true,,282,224,127,127,http://localhost:3001/character,889,0,0
1741029053442,0,Debug Sampler,200,OK,Thread Group 1-174,text,true,,376,0,127,127,null,0,0,0
1741029053436,12,HTTP Request,200,OK,Thread Group 1-175,text,true,,278,231,126,126,http://localhost:3001/character/268718,12,0,0
1741029052555,894,HTTP Request,201,Created,Thread Group 1-177,text,true,,283,225,126,126,http://localhost:3001/character,894,0,1
1741029053449,0,Debug Sampler,200,OK,Thread Group 1-175,text,true,,372,0,126,126,null,0,0,0
1741029053442,15,HTTP Request,200,OK,Thread Group 1-176,text,true,,277,230,125,125,http://localhost:3001/character/268719,15,0,0
1741029053457,0,Debug Sampler,200,OK,Thread Group 1-176,text,true,,371,0,125,125,null,0,0,0
1741029052559,898,HTTP Request,201,Created,Thread Group 1-178,text,true,,283,225,125,125,http://localhost:3001/character,898,0,0
1741029053449,15,HTTP Request,200,OK,Thread Group 1-177,text,true,,282,235,124,124,http://localhost:3001/character/268720,15,0,0
1741029052561,904,HTTP Request,201,Created,Thread Group 1-179,text,true,,281,223,124,124,http://localhost:3001/character,904,0,0
1741029053465,0,Debug Sampler,200,OK,Thread Group 1-177,text,true,,370,0,124,124,null,0,0,0
1741029053458,13,HTTP Request,200,OK,Thread Group 1-178,text,true,,277,230,123,123,http://localhost:3001/character/268721,13,0,0
1741029053471,0,Debug Sampler,200,OK,Thread Group 1-178,text,true,,370,0,123,123,null,0,0,0
1741029052563,908,HTTP Request,201,Created,Thread Group 1-180,text,true,,282,224,122,122,http://localhost:3001/character,908,0,0
1741029053465,13,HTTP Request,200,OK,Thread Group 1-179,text,true,,276,229,122,122,http://localhost:3001/character/268722,13,0,0
1741029052568,910,HTTP Request,201,Created,Thread Group 1-181,text,true,,282,224,122,122,http://localhost:3001/character,910,0,0
1741029053479,0,Debug Sampler,200,OK,Thread Group 1-179,text,true,,371,0,122,122,null,0,0,0
1741029053472,14,HTTP Request,200,OK,Thread Group 1-180,text,true,,278,231,121,121,http://localhost:3001/character/268723,14,0,0
1741029052571,916,HTTP Request,201,Created,Thread Group 1-182,text,true,,280,222,121,121,http://localhost:3001/character,916,0,1
1741029053487,0,Debug Sampler,200,OK,Thread Group 1-180,text,true,,372,0,121,121,null,0,0,0
1741029053479,16,HTTP Request,200,OK,Thread Group 1-181,text,true,,275,228,120,120,http://localhost:3001/character/268724,16,0,0
1741029053496,0,Debug Sampler,200,OK,Thread Group 1-181,text,true,,369,0,120,120,null,0,0,0
1741029052576,920,HTTP Request,201,Created,Thread Group 1-184,text,true,,283,225,120,120,http://localhost:3001/character,920,0,0
1741029053487,17,HTTP Request,200,OK,Thread Group 1-182,text,true,,276,229,119,119,http://localhost:3001/character/268725,17,0,0
1741029053504,0,Debug Sampler,200,OK,Thread Group 1-182,text,true,,372,0,119,119,null,0,0,0
1741029052575,929,HTTP Request,201,Created,Thread Group 1-183,text,true,,283,225,119,119,http://localhost:3001/character,929,0,1
1741029053496,15,HTTP Request,200,OK,Thread Group 1-184,text,true,,278,231,118,118,http://localhost:3001/character/268726,15,0,0
1741029052580,931,HTTP Request,201,Created,Thread Group 1-185,text,true,,287,229,118,118,http://localhost:3001/character,931,0,0
1741029053512,0,Debug Sampler,200,OK,Thread Group 1-184,text,true,,369,0,118,118,null,0,0,0
1741029053505,13,HTTP Request,200,OK,Thread Group 1-183,text,true,,278,231,117,117,http://localhost:3001/character/268727,13,0,0
1741029053519,0,Debug Sampler,200,OK,Thread Group 1-183,text,true,,372,0,117,117,null,0,0,0
1741029052583,936,HTTP Request,201,Created,Thread Group 1-186,text,true,,281,223,117,117,http://localhost:3001/character,936,0,1
1741029053512,13,HTTP Request,200,OK,Thread Group 1-185,text,true,,278,231,116,116,http://localhost:3001/character/268728,13,0,0
1741029053526,0,Debug Sampler,200,OK,Thread Group 1-185,text,true,,376,0,116,116,null,0,0,0
1741029052584,942,HTTP Request,201,Created,Thread Group 1-187,text,true,,283,225,115,115,http://localhost:3001/character,942,0,0
1741029053519,14,HTTP Request,200,OK,Thread Group 1-186,text,true,,277,230,115,115,http://localhost:3001/character/268729,14,0,0
1741029053533,0,Debug Sampler,200,OK,Thread Group 1-186,text,true,,370,0,115,115,null,0,0,0
1741029052588,945,HTTP Request,201,Created,Thread Group 1-188,text,true,,283,225,115,115,http://localhost:3001/character,945,0,0
1741029053526,15,HTTP Request,200,OK,Thread Group 1-187,text,true,,276,229,114,114,http://localhost:3001/character/268730,15,0,0
1741029053542,0,Debug Sampler,200,OK,Thread Group 1-187,text,true,,369,0,114,114,null,0,0,0
1741029052593,949,HTTP Request,201,Created,Thread Group 1-189,text,true,,282,224,113,113,http://localhost:3001/character,949,0,0
1741029053534,15,HTTP Request,200,OK,Thread Group 1-188,text,true,,276,229,113,113,http://localhost:3001/character/268731,15,0,0
1741029053549,0,Debug Sampler,200,OK,Thread Group 1-188,text,true,,371,0,113,113,null,0,0,0
1741029052594,955,HTTP Request,201,Created,Thread Group 1-190,text,true,,283,225,113,113,http://localhost:3001/character,955,0,0
1741029053542,15,HTTP Request,200,OK,Thread Group 1-189,text,true,,282,235,112,112,http://localhost:3001/character/268732,15,0,0
1741029053557,0,Debug Sampler,200,OK,Thread Group 1-189,text,true,,372,0,112,112,null,0,0,0
1741029052600,957,HTTP Request,201,Created,Thread Group 1-191,text,true,,283,225,112,112,http://localhost:3001/character,957,0,0
1741029053550,15,HTTP Request,200,OK,Thread Group 1-190,text,true,,278,231,111,111,http://localhost:3001/character/268733,15,0,0
1741029053566,0,Debug Sampler,200,OK,Thread Group 1-190,text,true,,372,0,111,111,null,0,0,0
1741029052601,965,HTTP Request,201,Created,Thread Group 1-192,text,true,,283,225,110,110,http://localhost:3001/character,965,0,0
1741029053558,14,HTTP Request,200,OK,Thread Group 1-191,text,true,,278,231,110,110,http://localhost:3001/character/268734,14,0,0
1741029053572,0,Debug Sampler,200,OK,Thread Group 1-191,text,true,,371,0,110,110,null,0,0,0
1741029052605,967,HTTP Request,201,Created,Thread Group 1-193,text,true,,280,222,110,110,http://localhost:3001/character,967,0,0
1741029053566,14,HTTP Request,200,OK,Thread Group 1-192,text,true,,277,230,109,109,http://localhost:3001/character/268735,14,0,0
1741029053580,0,Debug Sampler,200,OK,Thread Group 1-192,text,true,,369,0,109,109,null,0,0,0
1741029052606,974,HTTP Request,201,Created,Thread Group 1-194,text,true,,283,225,109,109,http://localhost:3001/character,974,0,0
1741029053573,15,HTTP Request,200,OK,Thread Group 1-193,text,true,,277,230,108,108,http://localhost:3001/character/268736,15,0,0
1741029053588,0,Debug Sampler,200,OK,Thread Group 1-193,text,true,,372,0,108,108,null,0,0,0
1741029052611,977,HTTP Request,201,Created,Thread Group 1-195,text,true,,280,222,108,108,http://localhost:3001/character,977,0,0
1741029053581,16,HTTP Request,200,OK,Thread Group 1-194,text,true,,282,235,107,107,http://localhost:3001/character/268737,16,0,0
1741029053597,0,Debug Sampler,200,OK,Thread Group 1-194,text,true,,376,0,107,107,null,0,0,0
1741029052613,984,HTTP Request,201,Created,Thread Group 1-196,text,true,,282,224,107,107,http://localhost:3001/character,984,0,0
1741029052619,986,HTTP Request,201,Created,Thread Group 1-197,text,true,,280,222,106,106,http://localhost:3001/character,986,0,1
1741029053589,16,HTTP Request,200,OK,Thread Group 1-195,text,true,,278,231,106,106,http://localhost:3001/character/268738,16,0,0
1741029053611,0,Debug Sampler,200,OK,Thread Group 1-195,text,true,,372,0,106,106,null,0,0,0
1741029053598,16,HTTP Request,200,OK,Thread Group 1-196,text,true,,275,228,105,105,http://localhost:3001/character/268739,16,0,0
1741029053614,0,Debug Sampler,200,OK,Thread Group 1-196,text,true,,368,0,105,105,null,0,0,0
1741029052621,994,HTTP Request,201,Created,Thread Group 1-199,text,true,,283,225,104,104,http://localhost:3001/character,994,0,0
1741029053611,12,HTTP Request,200,OK,Thread Group 1-197,text,true,,277,230,104,104,http://localhost:3001/character/268740,12,0,0
1741029053623,0,Debug Sampler,200,OK,Thread Group 1-197,text,true,,370,0,104,104,null,0,0,0
1741029052622,1002,HTTP Request,201,Created,Thread Group 1-198,text,true,,280,222,103,103,http://localhost:3001/character,1002,0,0
1741029053615,15,HTTP Request,200,OK,Thread Group 1-199,text,true,,276,229,103,103,http://localhost:3001/character/268741,15,0,0
1741029053630,0,Debug Sampler,200,OK,Thread Group 1-199,text,true,,370,0,103,103,null,0,0,0
1741029052627,1003,HTTP Request,201,Created,Thread Group 1-201,text,true,,283,225,102,102,http://localhost:3001/character,1003,0,0
1741029053630,7,HTTP Request,200,OK,Thread Group 1-201,text,true,,277,230,102,102,http://localhost:3001/character/268743,7,0,0
1741029053637,0,Debug Sampler,200,OK,Thread Group 1-201,text,true,,376,0,102,102,null,0,0,0
1741029053624,19,HTTP Request,200,OK,Thread Group 1-198,text,true,,278,231,101,101,http://localhost:3001/character/268742,19,0,0
1741029053643,0,Debug Sampler,200,OK,Thread Group 1-198,text,true,,372,0,101,101,null,0,0,0
1741029052627,1016,HTTP Request,201,Created,Thread Group 1-200,text,true,,281,223,100,100,http://localhost:3001/character,1016,0,0
1741029052633,1011,HTTP Request,201,Created,Thread Group 1-203,text,true,,283,225,100,100,http://localhost:3001/character,1011,0,0
1741029053644,7,HTTP Request,200,OK,Thread Group 1-200,text,true,,282,235,100,100,http://localhost:3001/character/268744,7,0,0
1741029053651,0,Debug Sampler,200,OK,Thread Group 1-200,text,true,,370,0,100,100,null,0,0,0
1741029052634,1018,HTTP Request,201,Created,Thread Group 1-202,text,true,,282,224,99,99,http://localhost:3001/character,1018,0,0
1741029053644,15,HTTP Request,200,OK,Thread Group 1-203,text,true,,278,231,99,99,http://localhost:3001/character/268745,15,0,0
1741029053659,0,Debug Sampler,200,OK,Thread Group 1-203,text,true,,372,0,99,99,null,0,0,0
1741029052636,1023,HTTP Request,201,Created,Thread Group 1-204,text,true,,283,225,98,98,http://localhost:3001/character,1023,0,0
1741029053652,13,HTTP Request,200,OK,Thread Group 1-202,text,true,,276,229,98,98,http://localhost:3001/character/268746,13,0,0
1741029053666,0,Debug Sampler,200,OK,Thread Group 1-202,text,true,,372,0,98,98,null,0,0,0
1741029052639,1027,HTTP Request,201,Created,Thread Group 1-205,text,true,,280,222,97,97,http://localhost:3001/character,1027,0,0
1741029053659,14,HTTP Request,200,OK,Thread Group 1-204,text,true,,278,231,97,97,http://localhost:3001/character/268747,14,0,0
1741029053673,0,Debug Sampler,200,OK,Thread Group 1-204,text,true,,372,0,97,97,null,0,0,0
1741029052645,1028,HTTP Request,201,Created,Thread Group 1-207,text,true,,287,229,96,96,http://localhost:3001/character,1028,0,0
1741029053666,14,HTTP Request,200,OK,Thread Group 1-205,text,true,,278,231,96,96,http://localhost:3001/character/268748,14,0,0
1741029053680,0,Debug Sampler,200,OK,Thread Group 1-205,text,true,,372,0,96,96,null,0,0,0
1741029052646,1035,HTTP Request,201,Created,Thread Group 1-206,text,true,,282,224,95,95,http://localhost:3001/character,1035,0,0
1741029053673,15,HTTP Request,200,OK,Thread Group 1-207,text,true,,276,229,95,95,http://localhost:3001/character/268749,15,0,0
1741029053688,0,Debug Sampler,200,OK,Thread Group 1-207,text,true,,371,0,95,95,null,0,0,0
1741029052650,1039,HTTP Request,201,Created,Thread Group 1-208,text,true,,283,225,94,94,http://localhost:3001/character,1039,0,0
1741029053681,15,HTTP Request,200,OK,Thread Group 1-206,text,true,,282,235,94,94,http://localhost:3001/character/268750,15,0,0
1741029053696,0,Debug Sampler,200,OK,Thread Group 1-206,text,true,,370,0,94,94,null,0,0,0
1741029052651,1046,HTTP Request,201,Created,Thread Group 1-209,text,true,,281,223,93,93,http://localhost:3001/character,1046,0,0
1741029053689,16,HTTP Request,200,OK,Thread Group 1-208,text,true,,278,231,93,93,http://localhost:3001/character/268751,16,0,0
1741029053705,0,Debug Sampler,200,OK,Thread Group 1-208,text,true,,370,0,93,93,null,0,0,0
1741029052653,1052,HTTP Request,201,Created,Thread Group 1-210,text,true,,281,223,93,93,http://localhost:3001/character,1052,0,1
1741029053697,16,HTTP Request,200,OK,Thread Group 1-209,text,true,,277,230,92,92,http://localhost:3001/character/268752,16,0,0
1741029053713,0,Debug Sampler,200,OK,Thread Group 1-209,text,true,,372,0,92,92,null,0,0,0
1741029052659,1054,HTTP Request,201,Created,Thread Group 1-211,text,true,,280,222,91,91,http://localhost:3001/character,1054,0,0
1741029053706,15,HTTP Request,200,OK,Thread Group 1-210,text,true,,278,231,91,91,http://localhost:3001/character/268753,15,0,0
1741029053721,0,Debug Sampler,200,OK,Thread Group 1-210,text,true,,376,0,91,91,null,0,0,0
1741029052660,1061,HTTP Request,201,Created,Thread Group 1-212,text,true,,281,223,90,90,http://localhost:3001/character,1061,0,0
1741029053714,14,HTTP Request,200,OK,Thread Group 1-211,text,true,,277,230,90,90,http://localhost:3001/character/268754,14,0,0
1741029052663,1066,HTTP Request,201,Created,Thread Group 1-213,text,true,,281,223,90,90,http://localhost:3001/character,1066,0,1
1741029053729,0,Debug Sampler,200,OK,Thread Group 1-211,text,true,,370,0,90,90,null,0,0,0
1741029053721,15,HTTP Request,200,OK,Thread Group 1-212,text,true,,282,235,89,89,http://localhost:3001/character/268755,15,0,0
1741029053736,0,Debug Sampler,200,OK,Thread Group 1-212,text,true,,372,0,89,89,null,0,0,0
1741029052668,1069,HTTP Request,201,Created,Thread Group 1-214,text,true,,282,224,88,88,http://localhost:3001/character,1069,0,0
1741029053729,16,HTTP Request,200,OK,Thread Group 1-213,text,true,,278,231,88,88,http://localhost:3001/character/268756,16,0,0
1741029053745,0,Debug Sampler,200,OK,Thread Group 1-213,text,true,,371,0,88,88,null,0,0,0
1741029052669,1076,HTTP Request,201,Created,Thread Group 1-215,text,true,,283,225,88,88,http://localhost:3001/character,1076,0,0
1741029053737,15,HTTP Request,200,OK,Thread Group 1-214,text,true,,275,228,87,87,http://localhost:3001/character/268757,15,0,0
1741029052676,1076,HTTP Request,201,Created,Thread Group 1-217,text,true,,283,225,87,87,http://localhost:3001/character,1076,0,0
1741029053752,0,Debug Sampler,200,OK,Thread Group 1-214,text,true,,376,0,87,87,null,0,0,0
1741029053745,13,HTTP Request,200,OK,Thread Group 1-215,text,true,,278,231,86,86,http://localhost:3001/character/268758,13,0,0
1741029052677,1082,HTTP Request,201,Created,Thread Group 1-216,text,true,,283,225,86,86,http://localhost:3001/character,1082,0,0
1741029053759,0,Debug Sampler,200,OK,Thread Group 1-215,text,true,,370,0,86,86,null,0,0,0
1741029053752,12,HTTP Request,200,OK,Thread Group 1-217,text,true,,282,235,85,85,http://localhost:3001/character/268759,12,0,0
1741029052681,1083,HTTP Request,201,Created,Thread Group 1-218,text,true,,280,222,85,85,http://localhost:3001/character,1083,0,0
1741029053764,0,Debug Sampler,200,OK,Thread Group 1-217,text,true,,372,0,85,85,null,0,0,0
1741029053759,11,HTTP Request,200,OK,Thread Group 1-216,text,true,,275,228,84,84,http://localhost:3001/character/268760,11,0,0
1741029052681,1089,HTTP Request,201,Created,Thread Group 1-219,text,true,,287,229,84,84,http://localhost:3001/character,1089,0,0
1741029053770,0,Debug Sampler,200,OK,Thread Group 1-216,text,true,,369,0,84,84,null,0,0,0
1741029053764,13,HTTP Request,200,OK,Thread Group 1-218,text,true,,276,229,83,83,http://localhost:3001/character/268761,13,0,0
1741029052684,1093,HTTP Request,201,Created,Thread Group 1-220,text,true,,283,225,83,83,http://localhost:3001/character,1093,0,0
1741029053777,0,Debug Sampler,200,OK,Thread Group 1-218,text,true,,370,0,83,83,null,0,0,0
1741029053771,11,HTTP Request,200,OK,Thread Group 1-219,text,true,,278,231,82,82,http://localhost:3001/character/268762,11,0,0
1741029052691,1091,HTTP Request,201,Created,Thread Group 1-222,text,true,,281,223,82,82,http://localhost:3001/character,1091,0,1
1741029053783,0,Debug Sampler,200,OK,Thread Group 1-219,text,true,,372,0,82,82,null,0,0,0
1741029053777,12,HTTP Request,200,OK,Thread Group 1-220,text,true,,278,231,81,81,http://localhost:3001/character/268763,12,0,0
1741029053789,0,Debug Sampler,200,OK,Thread Group 1-220,text,true,,370,0,81,81,null,0,0,0
1741029052691,1098,HTTP Request,201,Created,Thread Group 1-221,text,true,,283,225,81,81,http://localhost:3001/character,1098,0,1
1741029053783,12,HTTP Request,200,OK,Thread Group 1-222,text,true,,276,229,80,80,http://localhost:3001/character/268764,12,0,0
1741029052697,1098,HTTP Request,201,Created,Thread Group 1-223,text,true,,280,222,80,80,http://localhost:3001/character,1098,0,0
1741029053795,0,Debug Sampler,200,OK,Thread Group 1-222,text,true,,375,0,80,80,null,0,0,0
1741029053789,14,HTTP Request,200,OK,Thread Group 1-221,text,true,,275,228,79,79,http://localhost:3001/character/268765,14,0,0
1741029052701,1102,HTTP Request,201,Created,Thread Group 1-225,text,true,,282,224,79,79,http://localhost:3001/character,1102,0,0
1741029053804,0,Debug Sampler,200,OK,Thread Group 1-221,text,true,,372,0,79,79,null,0,0,0
1741029053795,15,HTTP Request,200,OK,Thread Group 1-223,text,true,,278,231,78,78,http://localhost:3001/character/268766,15,0,0
1741029052701,1110,HTTP Request,201,Created,Thread Group 1-224,text,true,,283,225,78,78,http://localhost:3001/character,1110,0,0
1741029053811,0,Debug Sampler,200,OK,Thread Group 1-223,text,true,,375,0,78,78,null,0,0,0
1741029053804,13,HTTP Request,200,OK,Thread Group 1-225,text,true,,276,229,77,77,http://localhost:3001/character/268767,13,0,0
1741029052702,1115,HTTP Request,201,Created,Thread Group 1-226,text,true,,287,229,77,77,http://localhost:3001/character,1115,0,0
1741029053817,0,Debug Sampler,200,OK,Thread Group 1-225,text,true,,369,0,77,77,null,0,0,0
1741029053811,12,HTTP Request,200,OK,Thread Group 1-224,text,true,,275,228,76,76,http://localhost:3001/character/268768,12,0,0
1741029052709,1114,HTTP Request,201,Created,Thread Group 1-227,text,true,,283,225,76,76,http://localhost:3001/character,1114,0,0
1741029053823,0,Debug Sampler,200,OK,Thread Group 1-224,text,true,,371,0,76,76,null,0,0,0
1741029053818,11,HTTP Request,200,OK,Thread Group 1-226,text,true,,278,231,75,75,http://localhost:3001/character/268769,11,0,0
1741029053829,0,Debug Sampler,200,OK,Thread Group 1-226,text,true,,369,0,75,75,null,0,0,0
1741029052709,1120,HTTP Request,201,Created,Thread Group 1-228,text,true,,283,225,74,74,http://localhost:3001/character,1120,0,0
1741029053823,12,HTTP Request,200,OK,Thread Group 1-227,text,true,,275,228,74,74,http://localhost:3001/character/268770,12,0,0
1741029053835,0,Debug Sampler,200,OK,Thread Group 1-227,text,true,,370,0,74,74,null,0,0,0
1741029052713,1122,HTTP Request,201,Created,Thread Group 1-229,text,true,,283,225,73,73,http://localhost:3001/character,1122,0,1
1741029053830,12,HTTP Request,200,OK,Thread Group 1-228,text,true,,277,230,73,73,http://localhost:3001/character/268771,12,0,0
1741029053842,0,Debug Sampler,200,OK,Thread Group 1-228,text,true,,370,0,73,73,null,0,0,0
1741029052714,1128,HTTP Request,201,Created,Thread Group 1-230,text,true,,287,229,72,72,http://localhost:3001/character,1128,0,0
1741029053835,14,HTTP Request,200,OK,Thread Group 1-229,text,true,,278,231,72,72,http://localhost:3001/character/268772,14,0,0
1741029052717,1133,HTTP Request,201,Created,Thread Group 1-231,text,true,,281,223,72,72,http://localhost:3001/character,1133,0,0
1741029053850,0,Debug Sampler,200,OK,Thread Group 1-229,text,true,,370,0,72,72,null,0,0,0
1741029053842,14,HTTP Request,200,OK,Thread Group 1-230,text,true,,277,230,71,71,http://localhost:3001/character/268773,14,0,0
1741029052721,1135,HTTP Request,201,Created,Thread Group 1-232,text,true,,287,229,71,71,http://localhost:3001/character,1135,0,0
1741029053857,0,Debug Sampler,200,OK,Thread Group 1-230,text,true,,376,0,71,71,null,0,0,0
1741029053850,12,HTTP Request,200,OK,Thread Group 1-231,text,true,,278,231,70,70,http://localhost:3001/character/268774,12,0,0
1741029053863,0,Debug Sampler,200,OK,Thread Group 1-231,text,true,,369,0,70,70,null,0,0,0
1741029052727,1135,HTTP Request,201,Created,Thread Group 1-233,text,true,,283,225,70,70,http://localhost:3001/character,1135,0,0
1741029053857,12,HTTP Request,200,OK,Thread Group 1-232,text,true,,275,228,69,69,http://localhost:3001/character/268775,12,0,0
1741029053869,0,Debug Sampler,200,OK,Thread Group 1-232,text,true,,369,0,69,69,null,0,0,0
1741029052730,1139,HTTP Request,201,Created,Thread Group 1-234,text,true,,280,222,69,69,http://localhost:3001/character,1139,0,0
1741029053863,12,HTTP Request,200,OK,Thread Group 1-233,text,true,,278,231,68,68,http://localhost:3001/character/268776,12,0,0
1741029052731,1144,HTTP Request,201,Created,Thread Group 1-235,text,true,,287,229,68,68,http://localhost:3001/character,1144,0,0
1741029053875,0,Debug Sampler,200,OK,Thread Group 1-233,text,true,,371,0,68,68,null,0,0,0
1741029053870,13,HTTP Request,200,OK,Thread Group 1-234,text,true,,282,235,67,67,http://localhost:3001/character/268777,13,0,0
1741029052734,1149,HTTP Request,201,Created,Thread Group 1-236,text,true,,283,225,67,67,http://localhost:3001/character,1149,0,1
1741029053884,0,Debug Sampler,200,OK,Thread Group 1-234,text,true,,372,0,67,67,null,0,0,0
1741029053875,15,HTTP Request,200,OK,Thread Group 1-235,text,true,,278,231,66,66,http://localhost:3001/character/268778,15,0,0
1741029053891,0,Debug Sampler,200,OK,Thread Group 1-235,text,true,,369,0,66,66,null,0,0,0
1741029052738,1153,HTTP Request,201,Created,Thread Group 1-237,text,true,,281,223,65,65,http://localhost:3001/character,1153,0,0
1741029053884,13,HTTP Request,200,OK,Thread Group 1-236,text,true,,278,231,65,65,http://localhost:3001/character/268779,13,0,0
1741029052739,1159,HTTP Request,201,Created,Thread Group 1-238,text,true,,282,224,65,65,http://localhost:3001/character,1159,0,0
1741029053898,0,Debug Sampler,200,OK,Thread Group 1-236,text,true,,372,0,65,65,null,0,0,0
1741029053892,12,HTTP Request,200,OK,Thread Group 1-237,text,true,,277,230,64,64,http://localhost:3001/character/268780,12,0,0
1741029053904,0,Debug Sampler,200,OK,Thread Group 1-237,text,true,,372,0,64,64,null,0,0,0
1741029052744,1160,HTTP Request,201,Created,Thread Group 1-239,text,true,,281,223,64,64,http://localhost:3001/character,1160,0,0
1741029053898,13,HTTP Request,200,OK,Thread Group 1-238,text,true,,278,231,63,63,http://localhost:3001/character/268781,13,0,0
1741029053911,0,Debug Sampler,200,OK,Thread Group 1-238,text,true,,376,0,63,63,null,0,0,0
1741029052747,1164,HTTP Request,201,Created,Thread Group 1-240,text,true,,282,224,63,63,http://localhost:3001/character,1164,0,0
1741029053904,13,HTTP Request,200,OK,Thread Group 1-239,text,true,,282,235,62,62,http://localhost:3001/character/268782,13,0,0
1741029052747,1171,HTTP Request,201,Created,Thread Group 1-241,text,true,,282,224,62,62,http://localhost:3001/character,1171,0,0
1741029053918,0,Debug Sampler,200,OK,Thread Group 1-239,text,true,,369,0,62,62,null,0,0,0
1741029053911,12,HTTP Request,200,OK,Thread Group 1-240,text,true,,277,230,61,61,http://localhost:3001/character/268783,12,0,0
1741029053924,0,Debug Sampler,200,OK,Thread Group 1-240,text,true,,376,0,61,61,null,0,0,0
1741029052752,1171,HTTP Request,201,Created,Thread Group 1-242,text,true,,282,224,61,61,http://localhost:3001/character,1171,0,0
1741029053918,11,HTTP Request,200,OK,Thread Group 1-241,text,true,,278,231,60,60,http://localhost:3001/character/268784,11,0,0
1741029052752,1177,HTTP Request,201,Created,Thread Group 1-243,text,true,,281,223,60,60,http://localhost:3001/character,1177,0,0
1741029053929,0,Debug Sampler,200,OK,Thread Group 1-241,text,true,,369,0,60,60,null,0,0,0
1741029053924,11,HTTP Request,200,OK,Thread Group 1-242,text,true,,278,231,59,59,http://localhost:3001/character/268785,11,0,0
1741029052760,1176,HTTP Request,201,Created,Thread Group 1-245,text,true,,282,224,59,59,http://localhost:3001/character,1176,0,0
1741029053936,0,Debug Sampler,200,OK,Thread Group 1-242,text,true,,369,0,59,59,null,0,0,0
1741029053929,13,HTTP Request,200,OK,Thread Group 1-243,text,true,,278,231,58,58,http://localhost:3001/character/268786,13,0,0
1741029052760,1182,HTTP Request,201,Created,Thread Group 1-244,text,true,,287,229,58,58,http://localhost:3001/character,1182,0,0
1741029053942,0,Debug Sampler,200,OK,Thread Group 1-243,text,true,,372,0,58,58,null,0,0,0
1741029053936,11,HTTP Request,200,OK,Thread Group 1-245,text,true,,276,229,57,57,http://localhost:3001/character/268787,11,0,0
1741029052764,1184,HTTP Request,201,Created,Thread Group 1-246,text,true,,282,224,57,57,http://localhost:3001/character,1184,0,0
1741029053948,0,Debug Sampler,200,OK,Thread Group 1-245,text,true,,375,0,57,57,null,0,0,0
1741029053942,11,HTTP Request,200,OK,Thread Group 1-244,text,true,,276,229,56,56,http://localhost:3001/character/268788,11,0,0
1741029053954,0,Debug Sampler,200,OK,Thread Group 1-244,text,true,,376,0,56,56,null,0,0,0
1741029052765,1189,HTTP Request,201,Created,Thread Group 1-247,text,true,,283,225,56,56,http://localhost:3001/character,1189,0,0
1741029053948,12,HTTP Request,200,OK,Thread Group 1-246,text,true,,278,231,55,55,http://localhost:3001/character/268789,12,0,0
1741029052768,1192,HTTP Request,201,Created,Thread Group 1-248,text,true,,281,223,55,55,http://localhost:3001/character,1192,0,0
1741029053960,0,Debug Sampler,200,OK,Thread Group 1-246,text,true,,371,0,55,55,null,0,0,0
1741029053954,12,HTTP Request,200,OK,Thread Group 1-247,text,true,,278,231,54,54,http://localhost:3001/character/268790,12,0,0
1741029052775,1191,HTTP Request,201,Created,Thread Group 1-249,text,true,,287,229,54,54,http://localhost:3001/character,1191,0,1
1741029053967,0,Debug Sampler,200,OK,Thread Group 1-247,text,true,,372,0,54,54,null,0,0,0
1741029053960,12,HTTP Request,200,OK,Thread Group 1-248,text,true,,275,228,53,53,http://localhost:3001/character/268791,12,0,0
1741029052775,1197,HTTP Request,201,Created,Thread Group 1-250,text,true,,280,222,53,53,http://localhost:3001/character,1197,0,1
1741029053972,0,Debug Sampler,200,OK,Thread Group 1-248,text,true,,368,0,53,53,null,0,0,0
1741029053967,11,HTTP Request,200,OK,Thread Group 1-249,text,true,,282,235,52,52,http://localhost:3001/character/268792,11,0,0
1741029053978,0,Debug Sampler,200,OK,Thread Group 1-249,text,true,,368,0,52,52,null,0,0,0
1741029052777,1201,HTTP Request,201,Created,Thread Group 1-251,text,true,,281,223,52,52,http://localhost:3001/character,1201,0,0
1741029053973,11,HTTP Request,200,OK,Thread Group 1-250,text,true,,275,228,51,51,http://localhost:3001/character/268793,11,0,0
1741029052784,1200,HTTP Request,201,Created,Thread Group 1-253,text,true,,282,224,51,51,http://localhost:3001/character,1200,0,0
1741029053984,1,Debug Sampler,200,OK,Thread Group 1-250,text,true,,376,0,51,51,null,0,0,0
1741029053978,11,HTTP Request,200,OK,Thread Group 1-251,text,true,,278,231,50,50,http://localhost:3001/character/268794,11,0,0
1741029053990,0,Debug Sampler,200,OK,Thread Group 1-251,text,true,,372,0,50,50,null,0,0,0
1741029052784,1206,HTTP Request,201,Created,Thread Group 1-252,text,true,,281,223,50,50,http://localhost:3001/character,1206,0,0
1741029053985,10,HTTP Request,200,OK,Thread Group 1-253,text,true,,282,235,49,49,http://localhost:3001/character/268795,10,0,0
1741029053996,0,Debug Sampler,200,OK,Thread Group 1-253,text,true,,372,0,49,49,null,0,0,0
1741029052789,1207,HTTP Request,201,Created,Thread Group 1-254,text,true,,282,224,49,49,http://localhost:3001/character,1207,0,0
1741029053990,12,HTTP Request,200,OK,Thread Group 1-252,text,true,,275,228,48,48,http://localhost:3001/character/268796,12,0,0
1741029052789,1213,HTTP Request,201,Created,Thread Group 1-255,text,true,,281,223,48,48,http://localhost:3001/character,1213,0,0
1741029054002,0,Debug Sampler,200,OK,Thread Group 1-252,text,true,,376,0,48,48,null,0,0,0
1741029053996,12,HTTP Request,200,OK,Thread Group 1-254,text,true,,277,230,47,47,http://localhost:3001/character/268797,12,0,0
1741029052794,1214,HTTP Request,201,Created,Thread Group 1-256,text,true,,283,225,47,47,http://localhost:3001/character,1214,0,0
1741029054009,0,Debug Sampler,200,OK,Thread Group 1-254,text,true,,371,0,47,47,null,0,0,0
1741029054002,12,HTTP Request,200,OK,Thread Group 1-255,text,true,,278,231,46,46,http://localhost:3001/character/268798,12,0,0
1741029052794,1221,HTTP Request,201,Created,Thread Group 1-257,text,true,,283,225,46,46,http://localhost:3001/character,1221,0,0
1741029054015,0,Debug Sampler,200,OK,Thread Group 1-255,text,true,,372,0,46,46,null,0,0,0
1741029054009,12,HTTP Request,200,OK,Thread Group 1-256,text,true,,278,231,45,45,http://localhost:3001/character/268799,12,0,0
1741029054022,0,Debug Sampler,200,OK,Thread Group 1-256,text,true,,376,0,45,45,null,0,0,0
1741029052797,1225,HTTP Request,201,Created,Thread Group 1-258,text,true,,287,229,45,45,http://localhost:3001/character,1225,0,0
1741029054015,13,HTTP Request,200,OK,Thread Group 1-257,text,true,,277,230,44,44,http://localhost:3001/character/268800,13,0,0
1741029054028,1,Debug Sampler,200,OK,Thread Group 1-257,text,true,,369,0,44,44,null,0,0,0
1741029052801,1227,HTTP Request,201,Created,Thread Group 1-259,text,true,,280,222,44,44,http://localhost:3001/character,1227,0,0
1741029054022,13,HTTP Request,200,OK,Thread Group 1-258,text,true,,276,229,43,43,http://localhost:3001/character/268801,13,0,0
1741029052806,1229,HTTP Request,201,Created,Thread Group 1-261,text,true,,282,224,43,43,http://localhost:3001/character,1229,0,1
1741029054036,0,Debug Sampler,200,OK,Thread Group 1-258,text,true,,375,0,43,43,null,0,0,0
1741029054029,14,HTTP Request,200,OK,Thread Group 1-259,text,true,,277,230,42,42,http://localhost:3001/character/268802,14,0,0
1741029054043,0,Debug Sampler,200,OK,Thread Group 1-259,text,true,,372,0,42,42,null,0,0,0
1741029052806,1237,HTTP Request,201,Created,Thread Group 1-260,text,true,,281,223,41,41,http://localhost:3001/character,1237,0,1
1741029054036,15,HTTP Request,200,OK,Thread Group 1-261,text,true,,275,228,41,41,http://localhost:3001/character/268803,15,0,0
1741029054051,0,Debug Sampler,200,OK,Thread Group 1-261,text,true,,370,0,41,41,null,0,0,0
1741029052812,1239,HTTP Request,201,Created,Thread Group 1-262,text,true,,280,222,40,40,http://localhost:3001/character,1239,0,0
1741029054044,15,HTTP Request,200,OK,Thread Group 1-260,text,true,,282,235,40,40,http://localhost:3001/character/268804,15,0,0
1741029054059,0,Debug Sampler,200,OK,Thread Group 1-260,text,true,,370,0,40,40,null,0,0,0
1741029052814,1246,HTTP Request,201,Created,Thread Group 1-263,text,true,,283,225,39,39,http://localhost:3001/character,1246,0,0
1741029054051,15,HTTP Request,200,OK,Thread Group 1-262,text,true,,276,229,39,39,http://localhost:3001/character/268805,15,0,0
1741029054066,0,Debug Sampler,200,OK,Thread Group 1-262,text,true,,370,0,39,39,null,0,0,0
1741029052816,1251,HTTP Request,201,Created,Thread Group 1-264,text,true,,283,225,38,38,http://localhost:3001/character,1251,0,0
1741029054060,13,HTTP Request,200,OK,Thread Group 1-263,text,true,,275,228,38,38,http://localhost:3001/character/268806,13,0,0
1741029054073,0,Debug Sampler,200,OK,Thread Group 1-263,text,true,,369,0,38,38,null,0,0,0
1741029052822,1252,HTTP Request,201,Created,Thread Group 1-265,text,true,,287,229,37,37,http://localhost:3001/character,1252,0,0
1741029054067,13,HTTP Request,200,OK,Thread Group 1-264,text,true,,277,230,37,37,http://localhost:3001/character/268807,13,0,0
1741029054080,0,Debug Sampler,200,OK,Thread Group 1-264,text,true,,370,0,37,37,null,0,0,0
1741029052822,1258,HTTP Request,201,Created,Thread Group 1-266,text,true,,282,224,36,36,http://localhost:3001/character,1258,0,0
1741029054074,14,HTTP Request,200,OK,Thread Group 1-265,text,true,,282,235,36,36,http://localhost:3001/character/268808,14,0,0
1741029054088,0,Debug Sampler,200,OK,Thread Group 1-265,text,true,,372,0,36,36,null,0,0,0
1741029052825,1263,HTTP Request,201,Created,Thread Group 1-267,text,true,,281,223,35,35,http://localhost:3001/character,1263,0,1
1741029054081,14,HTTP Request,200,OK,Thread Group 1-266,text,true,,278,231,35,35,http://localhost:3001/character/268809,14,0,0
1741029054095,0,Debug Sampler,200,OK,Thread Group 1-266,text,true,,372,0,35,35,null,0,0,0
1741029052828,1267,HTTP Request,201,Created,Thread Group 1-268,text,true,,281,223,34,34,http://localhost:3001/character,1267,0,0
1741029054088,15,HTTP Request,200,OK,Thread Group 1-267,text,true,,276,229,34,34,http://localhost:3001/character/268810,15,0,0
1741029052834,1270,HTTP Request,201,Created,Thread Group 1-270,text,true,,281,223,34,34,http://localhost:3001/character,1270,0,0
1741029054104,0,Debug Sampler,200,OK,Thread Group 1-267,text,true,,371,0,34,34,null,0,0,0
1741029052834,1277,HTTP Request,201,Created,Thread Group 1-269,text,true,,282,224,33,33,http://localhost:3001/character,1277,0,0
1741029054096,15,HTTP Request,200,OK,Thread Group 1-268,text,true,,278,231,33,33,http://localhost:3001/character/268811,15,0,0
1741029054117,0,Debug Sampler,200,OK,Thread Group 1-268,text,true,,372,0,33,33,null,0,0,0
1741029054104,14,HTTP Request,200,OK,Thread Group 1-270,text,true,,277,230,32,32,http://localhost:3001/character/268812,14,0,0
1741029054119,0,Debug Sampler,200,OK,Thread Group 1-270,text,true,,376,0,32,32,null,0,0,0
1741029052837,1282,HTTP Request,201,Created,Thread Group 1-271,text,true,,280,222,31,31,http://localhost:3001/character,1282,0,0
1741029054117,10,HTTP Request,200,OK,Thread Group 1-269,text,true,,276,229,31,31,http://localhost:3001/character/268813,10,0,0
1741029054127,0,Debug Sampler,200,OK,Thread Group 1-269,text,true,,376,0,31,31,null,0,0,0
1741029052840,1287,HTTP Request,201,Created,Thread Group 1-272,text,true,,282,224,30,30,http://localhost:3001/character,1287,0,0
1741029054119,15,HTTP Request,200,OK,Thread Group 1-271,text,true,,282,235,30,30,http://localhost:3001/character/268814,15,0,0
1741029054134,0,Debug Sampler,200,OK,Thread Group 1-271,text,true,,372,0,30,30,null,0,0,0
1741029052843,1291,HTTP Request,201,Created,Thread Group 1-273,text,true,,280,222,29,29,http://localhost:3001/character,1291,0,0
1741029054127,13,HTTP Request,200,OK,Thread Group 1-272,text,true,,276,229,29,29,http://localhost:3001/character/268815,13,0,0
1741029054140,0,Debug Sampler,200,OK,Thread Group 1-272,text,true,,371,0,29,29,null,0,0,0
1741029052846,1295,HTTP Request,201,Created,Thread Group 1-274,text,true,,283,225,28,28,http://localhost:3001/character,1295,0,0
1741029054134,13,HTTP Request,200,OK,Thread Group 1-273,text,true,,282,235,28,28,http://localhost:3001/character/268816,13,0,0
1741029054147,0,Debug Sampler,200,OK,Thread Group 1-273,text,true,,369,0,28,28,null,0,0,0
1741029052853,1295,HTTP Request,201,Created,Thread Group 1-275,text,true,,283,225,27,27,http://localhost:3001/character,1295,0,0
1741029054141,13,HTTP Request,200,OK,Thread Group 1-274,text,true,,282,235,27,27,http://localhost:3001/character/268817,13,0,0
1741029054154,0,Debug Sampler,200,OK,Thread Group 1-274,text,true,,371,0,27,27,null,0,0,0
1741029052854,1301,HTTP Request,201,Created,Thread Group 1-277,text,true,,281,223,26,26,http://localhost:3001/character,1301,0,0
1741029054148,14,HTTP Request,200,OK,Thread Group 1-275,text,true,,276,229,26,26,http://localhost:3001/character/268818,14,0,0
1741029054163,0,Debug Sampler,200,OK,Thread Group 1-275,text,true,,375,0,26,26,null,0,0,0
1741029052854,1309,HTTP Request,201,Created,Thread Group 1-276,text,true,,282,224,25,25,http://localhost:3001/character,1309,0,1
1741029054155,15,HTTP Request,200,OK,Thread Group 1-277,text,true,,282,235,25,25,http://localhost:3001/character/268819,15,0,0
1741029054170,0,Debug Sampler,200,OK,Thread Group 1-277,text,true,,376,0,25,25,null,0,0,0
1741029052858,1312,HTTP Request,201,Created,Thread Group 1-278,text,true,,283,225,24,24,http://localhost:3001/character,1312,0,0
1741029054163,14,HTTP Request,200,OK,Thread Group 1-276,text,true,,277,230,24,24,http://localhost:3001/character/268820,14,0,0
1741029054177,0,Debug Sampler,200,OK,Thread Group 1-276,text,true,,372,0,24,24,null,0,0,0
1741029052860,1318,HTTP Request,201,Created,Thread Group 1-279,text,true,,281,223,23,23,http://localhost:3001/character,1318,0,0
1741029054170,16,HTTP Request,200,OK,Thread Group 1-278,text,true,,276,229,23,23,http://localhost:3001/character/268821,16,0,0
1741029054187,0,Debug Sampler,200,OK,Thread Group 1-278,text,true,,372,0,23,23,null,0,0,0
1741029052865,1322,HTTP Request,201,Created,Thread Group 1-280,text,true,,281,223,22,22,http://localhost:3001/character,1322,0,0
1741029054178,16,HTTP Request,200,OK,Thread Group 1-279,text,true,,276,229,22,22,http://localhost:3001/character/268822,16,0,0
1741029054194,0,Debug Sampler,200,OK,Thread Group 1-279,text,true,,376,0,22,22,null,0,0,0
1741029052867,1328,HTTP Request,201,Created,Thread Group 1-281,text,true,,280,222,21,21,http://localhost:3001/character,1328,0,0
1741029054187,15,HTTP Request,200,OK,Thread Group 1-280,text,true,,278,231,21,21,http://localhost:3001/character/268823,15,0,0
1741029054202,0,Debug Sampler,200,OK,Thread Group 1-280,text,true,,370,0,21,21,null,0,0,0
1741029052874,1328,HTTP Request,201,Created,Thread Group 1-282,text,true,,283,225,21,21,http://localhost:3001/character,1328,0,1
1741029054195,14,HTTP Request,200,OK,Thread Group 1-281,text,true,,278,231,20,20,http://localhost:3001/character/268824,14,0,0
1741029054210,0,Debug Sampler,200,OK,Thread Group 1-281,text,true,,371,0,20,20,null,0,0,0
1741029052875,1335,HTTP Request,201,Created,Thread Group 1-283,text,true,,287,229,19,19,http://localhost:3001/character,1335,0,0
1741029054202,15,HTTP Request,200,OK,Thread Group 1-282,text,true,,282,235,19,19,http://localhost:3001/character/268825,15,0,0
1741029054218,0,Debug Sampler,200,OK,Thread Group 1-282,text,true,,369,0,19,19,null,0,0,0
1741029052880,1338,HTTP Request,201,Created,Thread Group 1-284,text,true,,283,225,19,19,http://localhost:3001/character,1338,0,0
1741029054210,15,HTTP Request,200,OK,Thread Group 1-283,text,true,,282,235,18,18,http://localhost:3001/character/268826,15,0,0
1741029054226,0,Debug Sampler,200,OK,Thread Group 1-283,text,true,,372,0,18,18,null,0,0,0
1741029052880,1346,HTTP Request,201,Created,Thread Group 1-285,text,true,,287,229,18,18,http://localhost:3001/character,1346,0,1
1741029054218,14,HTTP Request,200,OK,Thread Group 1-284,text,true,,277,230,17,17,http://localhost:3001/character/268827,14,0,0
1741029054232,1,Debug Sampler,200,OK,Thread Group 1-284,text,true,,371,0,17,17,null,0,0,0
1741029052886,1346,HTTP Request,201,Created,Thread Group 1-287,text,true,,282,224,17,17,http://localhost:3001/character,1346,0,0
1741029054226,12,HTTP Request,200,OK,Thread Group 1-285,text,true,,278,231,16,16,http://localhost:3001/character/268828,12,0,0
1741029052886,1352,HTTP Request,201,Created,Thread Group 1-286,text,true,,283,225,16,16,http://localhost:3001/character,1352,0,0
1741029054239,0,Debug Sampler,200,OK,Thread Group 1-285,text,true,,376,0,16,16,null,0,0,0
1741029054233,12,HTTP Request,200,OK,Thread Group 1-287,text,true,,278,231,15,15,http://localhost:3001/character/268829,12,0,0
1741029054245,0,Debug Sampler,200,OK,Thread Group 1-287,text,true,,371,0,15,15,null,0,0,0
1741029052888,1357,HTTP Request,201,Created,Thread Group 1-288,text,true,,281,223,15,15,http://localhost:3001/character,1357,0,0
1741029054239,12,HTTP Request,200,OK,Thread Group 1-286,text,true,,276,229,14,14,http://localhost:3001/character/268830,12,0,0
1741029052895,1357,HTTP Request,201,Created,Thread Group 1-289,text,true,,287,229,14,14,http://localhost:3001/character,1357,0,0
1741029054252,0,Debug Sampler,200,OK,Thread Group 1-286,text,true,,369,0,14,14,null,0,0,0
1741029054245,13,HTTP Request,200,OK,Thread Group 1-288,text,true,,278,231,13,13,http://localhost:3001/character/268831,13,0,0
1741029052897,1361,HTTP Request,201,Created,Thread Group 1-290,text,true,,283,225,13,13,http://localhost:3001/character,1361,0,0
1741029054258,1,Debug Sampler,200,OK,Thread Group 1-288,text,true,,372,0,13,13,null,0,0,0
1741029054252,12,HTTP Request,200,OK,Thread Group 1-289,text,true,,278,231,12,12,http://localhost:3001/character/268832,12,0,0
1741029052897,1367,HTTP Request,201,Created,Thread Group 1-291,text,true,,282,224,12,12,http://localhost:3001/character,1367,0,0
1741029054264,0,Debug Sampler,200,OK,Thread Group 1-289,text,true,,371,0,12,12,null,0,0,0
1741029054259,11,HTTP Request,200,OK,Thread Group 1-290,text,true,,275,228,11,11,http://localhost:3001/character/268833,11,0,0
1741029054270,0,Debug Sampler,200,OK,Thread Group 1-290,text,true,,372,0,11,11,null,0,0,0
1741029052902,1368,HTTP Request,201,Created,Thread Group 1-292,text,true,,280,222,11,11,http://localhost:3001/character,1368,0,1
1741029054264,12,HTTP Request,200,OK,Thread Group 1-291,text,true,,275,228,10,10,http://localhost:3001/character/268834,12,0,0
1741029052905,1371,HTTP Request,201,Created,Thread Group 1-293,text,true,,281,223,10,10,http://localhost:3001/character,1371,0,0
1741029054277,0,Debug Sampler,200,OK,Thread Group 1-291,text,true,,376,0,10,10,null,0,0,0
1741029054270,12,HTTP Request,200,OK,Thread Group 1-292,text,true,,275,228,9,9,http://localhost:3001/character/268835,12,0,0
1741029054282,0,Debug Sampler,200,OK,Thread Group 1-292,text,true,,372,0,9,9,null,0,0,0
1741029052906,1376,HTTP Request,201,Created,Thread Group 1-294,text,true,,280,222,9,9,http://localhost:3001/character,1376,0,0
1741029054277,10,HTTP Request,200,OK,Thread Group 1-293,text,true,,278,231,8,8,http://localhost:3001/character/268836,10,0,0
1741029052913,1375,HTTP Request,201,Created,Thread Group 1-295,text,true,,283,225,8,8,http://localhost:3001/character,1375,0,0
1741029054288,0,Debug Sampler,200,OK,Thread Group 1-293,text,true,,372,0,8,8,null,0,0,0
1741029054282,12,HTTP Request,200,OK,Thread Group 1-294,text,true,,275,228,7,7,http://localhost:3001/character/268837,12,0,0
1741029052914,1380,HTTP Request,201,Created,Thread Group 1-296,text,true,,281,223,7,7,http://localhost:3001/character,1380,0,0
1741029054294,0,Debug Sampler,200,OK,Thread Group 1-294,text,true,,375,0,7,7,null,0,0,0
1741029054288,13,HTTP Request,200,OK,Thread Group 1-295,text,true,,278,231,6,6,http://localhost:3001/character/268838,13,0,0
1741029054301,0,Debug Sampler,200,OK,Thread Group 1-295,text,true,,368,0,6,6,null,0,0,0
1741029052915,1386,HTTP Request,201,Created,Thread Group 1-297,text,true,,281,223,6,6,http://localhost:3001/character,1386,0,0
1741029054294,13,HTTP Request,200,OK,Thread Group 1-296,text,true,,275,228,5,5,http://localhost:3001/character/268839,13,0,0
1741029054308,0,Debug Sampler,200,OK,Thread Group 1-296,text,true,,371,0,5,5,null,0,0,0
1741029052919,1388,HTTP Request,201,Created,Thread Group 1-298,text,true,,280,222,5,5,http://localhost:3001/character,1388,0,0
1741029054302,13,HTTP Request,200,OK,Thread Group 1-297,text,true,,276,229,4,4,http://localhost:3001/character/268840,13,0,0
1741029054315,1,Debug Sampler,200,OK,Thread Group 1-297,text,true,,372,0,4,4,null,0,0,0
1741029052925,1390,HTTP Request,201,Created,Thread Group 1-299,text,true,,287,229,4,4,http://localhost:3001/character,1390,0,1
1741029054308,14,HTTP Request,200,OK,Thread Group 1-298,text,true,,275,228,3,3,http://localhost:3001/character/268841,14,0,0
1741029052926,1396,HTTP Request,201,Created,Thread Group 1-300,text,true,,287,229,3,3,http://localhost:3001/character,1396,0,0
1741029054322,0,Debug Sampler,200,OK,Thread Group 1-298,text,true,,374,0,3,3,null,0,0,0
1741029054316,12,HTTP Request,200,OK,Thread Group 1-299,text,true,,276,229,2,2,http://localhost:3001/character/268842,12,0,0
1741029054329,0,Debug Sampler,200,OK,Thread Group 1-299,text,true,,372,0,2,2,null,0,0,0
1741029054322,13,HTTP Request,200,OK,Thread Group 1-300,text,true,,275,228,1,1,http://localhost:3001/character/268843,13,0,0
1741029054335,0,Debug Sampler,200,OK,Thread Group 1-300,text,true,,370,0,1,1,null,0,0,0
